,date,shiborON,shibor1W,shibor2W,shibor1M,shibor3M,shibor6M,shibor9M,shibor1Y
0,2015-01-04,3.640000,4.883000,5.794000,5.629000,5.138000,4.753700,4.624600,4.738500
1,2015-01-05,3.421000,4.725000,5.665000,5.364000,5.125000,4.747800,4.627600,4.742900
2,2015-01-06,3.032000,4.241000,4.965000,5.102000,5.077000,4.748200,4.641000,4.745500
3,2015-01-07,2.881000,3.873000,4.732000,4.953000,5.019000,4.750100,4.645700,4.747600
4,2015-01-08,2.830000,3.745000,4.659000,4.803000,4.963000,4.748000,4.648700,4.748800
5,2015-01-09,2.805000,3.738000,4.698000,4.781000,4.925000,4.747000,4.651000,4.749000
6,2015-01-12,2.753000,3.762000,4.721000,4.782000,4.906100,4.747900,4.658200,4.750000
7,2015-01-13,2.667000,3.730000,4.692000,4.787000,4.905500,4.753900,4.660900,4.750000
8,2015-01-14,2.636000,3.837000,4.789000,4.799000,4.898000,4.750900,4.663200,4.750000
9,2015-01-15,2.631000,3.843000,4.780000,4.797000,4.894000,4.754300,4.670500,4.752100
10,2015-01-16,2.633000,3.848000,4.756000,4.793000,4.889000,4.761200,4.679500,4.752100
11,2015-01-19,2.660000,3.831000,4.726000,4.790000,4.894000,4.765500,4.685000,4.755500
12,2015-01-20,2.707000,3.782000,4.718000,4.846500,4.897000,4.770700,4.702800,4.763500
13,2015-01-21,2.788000,3.823000,5.030000,4.943000,4.900000,4.775700,4.708500,4.768000
14,2015-01-22,2.771000,3.875000,5.049000,4.989000,4.900000,4.773000,4.712200,4.772000
15,2015-01-23,2.728000,4.028000,5.033000,5.028000,4.901000,4.774500,4.717300,4.773800
16,2015-01-26,2.688000,3.920000,4.949000,4.984000,4.893500,4.774100,4.727700,4.774800
17,2015-01-27,2.674000,3.890000,4.849000,4.965800,4.897000,4.777100,4.742700,4.775800
18,2015-01-28,2.690000,3.898000,4.850000,4.973200,4.900500,4.782900,4.752700,4.778800
19,2015-01-29,2.765000,3.929000,4.868000,4.988500,4.907000,4.787800,4.757700,4.779000
20,2015-01-30,2.813000,4.026000,4.896000,5.010000,4.914000,4.792000,4.764000,4.783000
21,2015-02-02,2.889000,4.257000,4.909000,5.048000,4.916400,4.796000,4.765200,4.784800
22,2015-02-03,2.954400,4.393300,4.918900,5.066700,4.916700,4.798900,4.767800,4.785600
23,2015-02-04,2.973000,4.427000,4.932000,5.078000,4.928000,4.799000,4.769800,4.788600
24,2015-02-05,2.866000,4.412000,4.860000,5.050200,4.916000,4.788000,4.757000,4.783000
25,2015-02-06,2.856000,4.359000,4.831000,5.043000,4.908000,4.784100,4.755000,4.779300
26,2015-02-09,2.812000,4.335000,4.807000,5.025000,4.904000,4.779600,4.753800,4.779000
27,2015-02-10,2.852000,4.321000,4.761000,5.031000,4.899000,4.779100,4.749400,4.779000
28,2015-02-11,2.932000,4.420000,4.791000,5.044000,4.900000,4.776500,4.748200,4.780000
29,2015-02-12,3.058000,4.602000,4.784000,5.055000,4.901000,4.778000,4.749100,4.783400
30,2015-02-13,3.091000,4.663000,4.775000,5.064000,4.900000,4.780300,4.751200,4.785500
31,2015-02-15,3.175000,4.720000,4.786000,5.067000,4.900000,4.780300,4.751300,4.787600
32,2015-02-16,3.182000,4.700000,4.781000,5.077000,4.900000,4.782100,4.751200,4.788800
33,2015-02-17,3.400000,4.749000,4.859000,5.076000,4.900000,4.785300,4.751200,4.786800
34,2015-02-25,3.328000,4.768000,4.814000,5.080000,4.900000,4.785600,4.751200,4.788600
35,2015-02-26,3.298000,4.717000,4.816000,5.082800,4.900000,4.784600,4.751200,4.787800
36,2015-02-27,3.318000,4.715000,4.873000,5.083200,4.900000,4.784600,4.751200,4.788800
37,2015-02-28,3.441000,4.772000,4.896000,5.083300,4.900000,4.782500,4.751200,4.787900
38,2015-03-02,3.453000,4.748000,4.862000,5.069000,4.898000,4.779500,4.750200,4.782900
39,2015-03-03,3.450000,4.747000,4.878000,5.067000,4.897900,4.780100,4.749100,4.780500
40,2015-03-04,3.446000,4.717000,4.868000,5.066000,4.895900,4.779100,4.751000,4.781200
41,2015-03-05,3.433000,4.729000,4.861000,5.064000,4.896000,4.780000,4.753100,4.780200
42,2015-03-06,3.416000,4.739000,4.868500,5.060000,4.897800,4.779100,4.753500,4.782100
43,2015-03-09,3.381000,4.773000,4.871000,5.058000,4.897900,4.778100,4.751500,4.780300
44,2015-03-10,3.350000,4.763000,4.836000,5.055000,4.898800,4.778900,4.748300,4.780100
45,2015-03-11,3.347000,4.773000,4.814000,5.051800,4.900000,4.779900,4.749000,4.780100
46,2015-03-12,3.464400,4.751100,4.798900,5.051100,4.900000,4.780000,4.750000,4.780100
47,2015-03-13,3.436000,4.738000,4.773000,5.052000,4.900000,4.780100,4.750000,4.780000
48,2015-03-16,3.403000,4.708000,4.753000,5.045000,4.905000,4.781100,4.752000,4.780100
49,2015-03-17,3.376000,4.620000,4.692000,5.040000,4.905000,4.781200,4.752500,4.780100
50,2015-03-18,3.369000,4.602000,4.666000,5.035000,4.906000,4.780200,4.750000,4.780100
51,2015-03-19,3.332000,4.496000,4.607000,5.034000,4.904000,4.781200,4.750500,4.780100
52,2015-03-20,3.294000,4.331000,4.495000,5.031000,4.902000,4.780200,4.750500,4.780000
53,2015-03-23,3.217000,4.143000,4.362000,5.029000,4.899000,4.780000,4.750000,4.780000
54,2015-03-24,3.218000,4.033000,4.329000,5.020000,4.898000,4.779000,4.749000,4.780000
55,2015-03-25,3.210000,3.955000,4.294000,5.018000,4.897500,4.779600,4.750700,4.780100
56,2015-03-26,3.216000,3.897000,4.268000,5.016000,4.897500,4.779500,4.749500,4.780000
57,2015-03-27,3.206000,3.893000,4.284000,5.016000,4.897500,4.779600,4.749500,4.780000
58,2015-03-30,3.203000,3.919000,4.332000,5.013000,4.897500,4.779500,4.749500,4.780000
59,2015-03-31,3.183000,3.886000,4.314000,5.009000,4.897500,4.779500,4.749500,4.780000
60,2015-04-01,3.087000,3.754000,4.249000,4.998000,4.897500,4.779500,4.749500,4.780000
61,2015-04-02,2.995000,3.635000,4.106000,4.991000,4.897500,4.778500,4.749500,4.780000
62,2015-04-03,2.887000,3.506000,3.970000,4.923000,4.888000,4.779400,4.749500,4.780000
63,2015-04-07,2.766000,3.319000,3.833000,4.845000,4.858500,4.778400,4.748500,4.780000
64,2015-04-08,2.683000,3.163000,3.733000,4.761600,4.830500,4.777300,4.748300,4.780000
65,2015-04-09,2.599000,3.073000,3.636000,4.647500,4.800800,4.776200,4.747200,4.779800
66,2015-04-10,2.489000,2.970000,3.534000,4.558200,4.782100,4.775500,4.746800,4.778500
67,2015-04-13,2.405000,2.949000,3.487000,4.498300,4.766700,4.773300,4.746700,4.777400
68,2015-04-14,2.372000,2.920000,3.436000,4.442000,4.753500,4.770000,4.746700,4.777300
69,2015-04-15,2.307000,2.880000,3.403000,4.384000,4.736500,4.769000,4.747400,4.777300
70,2015-04-16,2.298000,2.884000,3.392000,4.346000,4.720000,4.758500,4.746700,4.775300
71,2015-04-17,2.268000,2.873000,3.384000,4.314000,4.703000,4.748500,4.745600,4.775800
72,2015-04-20,2.087000,2.732000,3.291000,4.146000,4.613300,4.697800,4.709400,4.755300
73,2015-04-21,2.002000,2.620000,3.172000,4.015000,4.484500,4.646100,4.666700,4.726500
74,2015-04-22,1.949000,2.567000,3.144000,3.908000,4.416100,4.596000,4.629800,4.693500
75,2015-04-23,1.908000,2.527000,3.126000,3.842000,4.343100,4.539000,4.604000,4.668800
76,2015-04-24,1.851000,2.488000,3.099000,3.768000,4.264100,4.508500,4.589500,4.643000
77,2015-04-27,1.806000,2.451000,3.099000,3.670500,4.161000,4.467600,4.559500,4.627800
78,2015-04-28,1.759000,2.438000,3.084000,3.598200,4.080000,4.403500,4.530000,4.607500
79,2015-04-29,1.739000,2.439000,3.078000,3.529500,4.035000,4.355300,4.510200,4.596500
80,2015-04-30,1.690000,2.430000,3.069000,3.465000,3.970000,4.324000,4.490500,4.581600
81,2015-05-04,1.619000,2.390000,3.005000,3.380000,3.923000,4.294000,4.477000,4.562800
82,2015-05-05,1.564000,2.368000,2.947000,3.302000,3.881500,4.256500,4.456700,4.545500
83,2015-05-06,1.523000,2.369000,2.940000,3.267000,3.846000,4.230000,4.437800,4.533000
84,2015-05-07,1.489000,2.355000,2.910000,3.241000,3.823000,4.212000,4.419800,4.515000
85,2015-05-08,1.443000,2.334000,2.834000,3.211000,3.798500,4.183100,4.396000,4.500000
86,2015-05-11,1.345000,2.245000,2.639000,3.120000,3.735000,4.125000,4.335000,4.453000
87,2015-05-12,1.290000,2.197000,2.635000,3.083000,3.681000,4.090000,4.292000,4.415000
88,2015-05-13,1.247000,2.149000,2.596000,3.042000,3.634000,4.046000,4.255300,4.384500
89,2015-05-14,1.182000,2.056000,2.536000,2.957000,3.482000,3.962000,4.180500,4.311500
90,2015-05-15,1.078000,1.962000,2.400000,2.802000,3.323000,3.875000,4.097000,4.241000
91,2015-05-18,1.052000,1.920000,2.384000,2.664000,3.200000,3.772000,4.022000,4.171000
92,2015-05-19,1.033000,1.925000,2.370000,2.570000,3.156000,3.700000,3.979000,4.115000
93,2015-05-20,1.032000,1.932000,2.380000,2.514000,3.071000,3.648000,3.939000,4.024000
94,2015-05-21,1.033000,1.944000,2.369000,2.457000,3.014000,3.595000,3.900000,3.948000
95,2015-05-22,1.037000,1.966000,2.295000,2.389000,2.959000,3.561000,3.862500,3.866000
96,2015-05-25,1.039000,1.968000,2.207000,2.302000,2.903000,3.445000,3.681000,3.692000
97,2015-05-26,1.040000,1.968800,2.205000,2.268000,2.881000,3.344000,3.538000,3.574000
98,2015-05-27,1.040000,1.967000,2.227000,2.273000,2.869000,3.277000,3.453000,3.511000
99,2015-05-28,1.043000,1.952000,2.238000,2.271000,2.865000,3.232000,3.402000,3.463000
100,2015-05-29,1.039000,1.972000,2.251000,2.276000,2.864000,3.211000,3.376000,3.444000
101,2015-06-01,1.027000,1.963000,2.254000,2.290000,2.856500,3.197000,3.356000,3.430000
102,2015-06-02,1.034000,1.977000,2.351000,2.296000,2.862000,3.189000,3.347000,3.417500
103,2015-06-03,1.039000,2.057000,2.518000,2.326000,2.871000,3.191000,3.337000,3.408000
104,2015-06-04,1.047000,2.122000,2.633000,2.354000,2.882500,3.195300,3.337000,3.402000
105,2015-06-05,1.051000,2.070000,2.471000,2.365000,2.885000,3.197000,3.338000,3.400000
106,2015-06-08,1.061000,2.043000,2.411000,2.548000,2.887000,3.197000,3.334000,3.400000
107,2015-06-09,1.071000,2.049000,2.433000,2.647000,2.902000,3.197000,3.331000,3.400000
108,2015-06-10,1.083000,2.052000,2.410000,2.767000,2.902000,3.190000,3.318000,3.400000
109,2015-06-11,1.090000,2.063000,2.436000,2.840000,2.909000,3.186000,3.306000,3.400000
110,2015-06-12,1.104000,2.085000,2.600000,3.057000,2.921000,3.184000,3.300000,3.400000
111,2015-06-15,1.121000,2.110000,2.704000,3.098000,2.960000,3.181500,3.297000,3.400000
112,2015-06-16,1.131000,2.143000,2.729000,3.099000,2.981000,3.182300,3.297000,3.400000
113,2015-06-17,1.151000,2.238000,2.793000,3.108000,2.999000,3.182300,3.295800,3.400000
114,2015-06-18,1.202000,2.478000,2.960000,3.308000,3.054000,3.185300,3.295600,3.400000
115,2015-06-19,1.267000,2.674000,3.154000,3.359000,3.105000,3.189600,3.295700,3.400000
116,2015-06-23,1.295000,2.675000,3.274000,3.361000,3.173000,3.193000,3.296700,3.400000
117,2015-06-24,1.338000,2.808000,3.450000,3.446000,3.211000,3.197000,3.297800,3.400000
118,2015-06-25,1.357000,2.884000,3.600000,3.571000,3.250000,3.199000,3.298800,3.400000
119,2015-06-26,1.357000,2.921000,3.593000,3.634000,3.277000,3.199000,3.299000,3.400000
120,2015-06-29,1.340000,2.840000,3.504000,3.580000,3.248000,3.184000,3.283000,3.392000
121,2015-06-30,1.257000,2.652000,3.213000,3.521000,3.233000,3.180000,3.281000,3.392000
122,2015-07-01,1.163000,2.602000,3.113000,3.373000,3.213000,3.174000,3.275500,3.386500
123,2015-07-02,1.160800,2.712000,3.272000,3.314000,3.212000,3.169600,3.272000,3.387000
124,2015-07-03,1.159000,2.802000,3.228000,3.274000,3.202000,3.168100,3.268600,3.387000
125,2015-07-06,1.167000,2.661000,3.153000,3.215000,3.203000,3.166000,3.266000,3.387000
126,2015-07-07,1.176000,2.610000,3.072000,3.181000,3.192000,3.163800,3.263800,3.386000
127,2015-07-08,1.187000,2.589000,3.032000,3.155000,3.186000,3.163500,3.262500,3.385800
128,2015-07-09,1.198000,2.578000,2.986000,3.140000,3.182000,3.161500,3.261400,3.386700
129,2015-07-10,1.210000,2.575000,2.972000,3.125000,3.177000,3.160200,3.260300,3.386800
130,2015-07-13,1.224000,2.553000,2.942000,3.109000,3.170900,3.160100,3.260100,3.389700
131,2015-07-14,1.238000,2.556000,2.944000,3.102000,3.164200,3.160100,3.260000,3.390100
132,2015-07-15,1.245000,2.550000,2.948000,3.078500,3.159800,3.160100,3.260100,3.391100
133,2015-07-16,1.263000,2.481000,2.946000,3.053000,3.155000,3.160100,3.260000,3.391200
134,2015-07-17,1.282000,2.464000,2.942000,3.051000,3.152000,3.160100,3.260000,3.391200
135,2015-07-20,1.290000,2.449000,2.916000,3.032200,3.150500,3.160100,3.260000,3.391200
136,2015-07-21,1.304000,2.458000,2.911000,3.017000,3.151200,3.161100,3.260100,3.391200
137,2015-07-22,1.323000,2.478000,2.917000,3.018000,3.156300,3.164200,3.260100,3.391200
138,2015-07-23,1.332000,2.540000,2.918000,3.020000,3.160000,3.164700,3.260100,3.391200
139,2015-07-24,1.337000,2.559000,2.902000,3.012000,3.163500,3.165600,3.260000,3.392200
140,2015-07-27,1.374000,2.559000,2.911000,3.037000,3.164500,3.170800,3.260000,3.392300
141,2015-07-28,1.388000,2.552000,2.904000,3.030000,3.163800,3.175300,3.260100,3.392400
142,2015-07-29,1.427000,2.514000,2.872000,3.013000,3.163500,3.176700,3.260000,3.392300
143,2015-07-30,1.448000,2.502000,2.772000,3.008000,3.160500,3.176800,3.260000,3.392400
144,2015-07-31,1.470000,2.509000,2.754000,2.988000,3.157500,3.175800,3.260000,3.392400
145,2015-08-03,1.488000,2.495000,2.722000,2.971000,3.153000,3.180700,3.260000,3.392400
146,2015-08-04,1.497000,2.483000,2.695000,2.904000,3.150000,3.184500,3.260000,3.392400
147,2015-08-05,1.508000,2.471000,2.693000,2.844000,3.143000,3.192700,3.260000,3.393400
148,2015-08-06,1.517000,2.449000,2.673000,2.799000,3.137000,3.199000,3.260000,3.393500
149,2015-08-07,1.529000,2.453000,2.620000,2.754000,3.127000,3.204200,3.260000,3.393500
150,2015-08-10,1.557000,2.455000,2.579000,2.711000,3.122300,3.201000,3.260000,3.393500
151,2015-08-11,1.586000,2.463000,2.569000,2.668000,3.118000,3.200600,3.260000,3.393500
152,2015-08-12,1.614000,2.472000,2.560000,2.646000,3.112500,3.200300,3.260000,3.392500
153,2015-08-13,1.641000,2.481000,2.556000,2.646000,3.101000,3.200300,3.260000,3.392500
154,2015-08-14,1.667000,2.495000,2.575000,2.671000,3.097000,3.200300,3.260000,3.392500
155,2015-08-17,1.701000,2.517000,2.598000,2.691000,3.091000,3.205200,3.260000,3.392500
156,2015-08-18,1.745000,2.531000,2.605000,2.699000,3.093000,3.203700,3.264200,3.394500
157,2015-08-19,1.788000,2.546000,2.652000,2.707000,3.094000,3.207000,3.265500,3.394700
158,2015-08-20,1.830000,2.586000,2.690000,2.759000,3.093000,3.213500,3.273500,3.395700
159,2015-08-21,1.847000,2.599000,2.711000,2.789000,3.090000,3.223500,3.275000,3.398700
160,2015-08-24,1.866000,2.597000,2.713000,2.810000,3.090000,3.233000,3.283000,3.400000
161,2015-08-25,1.879000,2.593000,2.729000,2.858000,3.091000,3.243000,3.286500,3.400000
162,2015-08-26,1.786000,2.429000,2.730000,2.951000,3.097500,3.257500,3.282500,3.400000
163,2015-08-27,1.759000,2.398000,2.785000,2.958000,3.096000,3.259000,3.286500,3.400000
164,2015-08-28,1.774000,2.392000,2.910000,2.999000,3.098000,3.259500,3.289500,3.400000
165,2015-08-31,1.801000,2.398000,2.947000,3.034000,3.100000,3.264500,3.293500,3.401000
166,2015-09-01,1.821000,2.410000,2.976000,3.052000,3.102600,3.271000,3.301800,3.404000
167,2015-09-02,2.031000,2.421000,2.978000,3.052000,3.102600,3.271500,3.304000,3.401000
168,2015-09-06,1.901000,2.410000,2.951000,3.050000,3.104000,3.273800,3.305200,3.401000
169,2015-09-07,1.904000,2.410000,2.945000,3.040000,3.099000,3.273900,3.307200,3.401000
170,2015-09-08,1.897000,2.402000,2.724000,3.018000,3.095000,3.288000,3.311200,3.409000
171,2015-09-09,1.896000,2.398000,2.650000,3.010000,3.092000,3.301000,3.314600,3.414300
172,2015-09-10,1.899000,2.400000,2.616000,3.008000,3.093000,3.302000,3.318000,3.410000
173,2015-09-11,1.900100,2.403000,2.641000,3.005000,3.097000,3.311000,3.323500,3.411000
174,2015-09-14,1.899000,2.394000,2.622000,3.003000,3.106000,3.310500,3.325000,3.411000
175,2015-09-15,1.899000,2.392000,2.607000,3.005000,3.113000,3.319000,3.330500,3.412000
176,2015-09-16,1.900000,2.391000,2.593000,3.018000,3.116000,3.324000,3.333500,3.413000
177,2015-09-17,1.899000,2.391000,2.591000,3.037000,3.126800,3.324200,3.333500,3.413000
178,2015-09-18,1.900000,2.390000,2.609000,3.053000,3.135500,3.325700,3.334600,3.413000
179,2015-09-21,1.901000,2.391000,2.653000,3.071000,3.141000,3.327000,3.336000,3.413000
180,2015-09-22,1.908000,2.397000,2.682000,3.075000,3.144800,3.332000,3.341000,3.413000
181,2015-09-23,1.908000,2.401000,2.705000,3.086000,3.146800,3.336000,3.343600,3.413000
182,2015-09-24,1.909000,2.480000,2.697000,3.094000,3.151800,3.340500,3.346000,3.413000
183,2015-09-25,1.907000,2.447000,2.727000,3.087000,3.153000,3.341800,3.349200,3.413000
184,2015-09-28,1.910000,2.431000,2.740000,3.088000,3.152000,3.339800,3.351500,3.413000
185,2015-09-29,1.907000,2.419000,2.744000,3.091000,3.153000,3.343600,3.351700,3.413000
186,2015-09-30,1.989000,2.408000,2.763000,3.091000,3.153000,3.341000,3.351700,3.413000
187,2015-10-08,1.909000,2.400000,2.747000,3.092000,3.151500,3.340800,3.351700,3.414000
188,2015-10-09,1.906000,2.400000,2.750000,3.095000,3.158500,3.345800,3.358700,3.414000
189,2015-10-10,1.904000,2.401000,2.748000,3.095000,3.165600,3.350900,3.364500,3.414000
190,2015-10-12,1.902000,2.397000,2.745000,3.094000,3.173000,3.352600,3.362700,3.414000
191,2015-10-13,1.900000,2.397000,2.744000,3.090000,3.182500,3.348100,3.361000,3.413000
192,2015-10-14,1.900000,2.397000,2.742000,3.087000,3.186000,3.353000,3.361000,3.414000
193,2015-10-15,1.901000,2.397000,2.737000,3.074000,3.184600,3.352500,3.361000,3.415000
194,2015-10-16,1.899000,2.394000,2.734000,3.066000,3.182600,3.346000,3.360000,3.415000
195,2015-10-19,1.902000,2.395000,2.733000,3.057000,3.178300,3.350000,3.361000,3.416000
196,2015-10-20,1.903000,2.394000,2.729000,3.049000,3.175000,3.351000,3.361000,3.418000
197,2015-10-21,1.905000,2.394000,2.730000,3.034000,3.169000,3.351000,3.361000,3.419000
198,2015-10-22,1.904000,2.396000,2.733000,3.030000,3.157000,3.351000,3.361000,3.418000
199,2015-10-23,1.909000,2.401000,2.730000,3.023000,3.144000,3.351000,3.361000,3.418000
200,2015-10-26,1.840000,2.338000,2.689000,2.888000,3.084000,3.298000,3.328000,3.392000
201,2015-10-27,1.800000,2.297000,2.645000,2.824000,3.047000,3.272000,3.318000,3.384000
202,2015-10-28,1.796000,2.292000,2.641000,2.796000,3.038000,3.249000,3.304000,3.371000
203,2015-10-29,1.798000,2.291000,2.642000,2.786000,3.036000,3.238000,3.293000,3.364000
204,2015-10-30,1.798000,2.291000,2.640000,2.764500,3.036000,3.226500,3.280000,3.357500
205,2015-11-02,1.793000,2.291000,2.639000,2.755000,3.042000,3.222000,3.271000,3.355000
206,2015-11-03,1.792000,2.290000,2.634000,2.747000,3.042500,3.217000,3.265000,3.354000
207,2015-11-04,1.790000,2.293000,2.633000,2.737000,3.041500,3.213000,3.262000,3.351000
208,2015-11-05,1.787000,2.288000,2.628000,2.733000,3.040500,3.205000,3.257000,3.350000
209,2015-11-06,1.787000,2.285000,2.628000,2.719000,3.035500,3.200000,3.253000,3.350000
210,2015-11-09,1.786000,2.285000,2.624000,2.711000,3.033000,3.198000,3.250000,3.350000
211,2015-11-10,1.783000,2.280000,2.624000,2.706000,3.034000,3.199000,3.250000,3.351000
212,2015-11-11,1.782000,2.279000,2.623000,2.705000,3.034000,3.200000,3.250000,3.350000
213,2015-11-12,1.784000,2.279000,2.619000,2.700000,3.034000,3.200000,3.250000,3.350000
214,2015-11-13,1.786000,2.278000,2.617000,2.697000,3.034000,3.200000,3.250000,3.350800
215,2015-11-16,1.784000,2.279000,2.617000,2.697000,3.038000,3.200000,3.250000,3.350800
216,2015-11-17,1.782000,2.278000,2.619000,2.692000,3.040000,3.198000,3.250000,3.350000
217,2015-11-18,1.781000,2.279000,2.621000,2.695000,3.044100,3.198000,3.250000,3.350000
218,2015-11-19,1.785000,2.280000,2.622000,2.698000,3.044000,3.197000,3.250000,3.350000
219,2015-11-20,1.784000,2.282000,2.623000,2.700000,3.044000,3.198000,3.250000,3.350000
220,2015-11-23,1.785000,2.283000,2.633000,2.701000,3.046000,3.200000,3.250000,3.350300
221,2015-11-24,1.785000,2.285000,2.637000,2.700000,3.050000,3.200000,3.250000,3.350300
222,2015-11-25,1.785000,2.286000,2.637000,2.700000,3.050000,3.200000,3.250000,3.350000
223,2015-11-26,1.785000,2.289000,2.637000,2.700000,3.050000,3.200000,3.250000,3.350300
224,2015-11-27,1.786000,2.293000,2.638000,2.700000,3.050000,3.200000,3.250000,3.350000
225,2015-11-30,1.788000,2.299000,2.639000,2.700000,3.050000,3.200000,3.250000,3.350000
226,2015-12-01,1.788000,2.294000,2.640000,2.700000,3.047000,3.200000,3.250000,3.350000
227,2015-12-02,1.786000,2.293000,2.638000,2.700000,3.042000,3.200000,3.250000,3.350000
228,2015-12-03,1.787000,2.292000,2.636000,2.700000,3.043000,3.200000,3.250000,3.350000
229,2015-12-04,1.787000,2.293000,2.632000,2.700000,3.043000,3.200000,3.250000,3.350000
230,2015-12-07,1.784000,2.291000,2.635000,2.700000,3.048000,3.200000,3.250000,3.350000
231,2015-12-08,1.786000,2.292000,2.641000,2.700000,3.051000,3.200000,3.250000,3.350000
232,2015-12-09,1.789000,2.294000,2.640000,2.700000,3.047000,3.200000,3.250000,3.350000
233,2015-12-10,1.789000,2.297000,2.641000,2.701000,3.046000,3.200000,3.250000,3.350000
234,2015-12-11,1.788000,2.302000,2.642000,2.701000,3.051000,3.200000,3.250000,3.350000
235,2015-12-14,1.788000,2.303000,2.640000,2.700000,3.046100,3.200000,3.250000,3.350000
236,2015-12-15,1.788000,2.299000,2.640000,2.721000,3.051000,3.200000,3.250000,3.350000
237,2015-12-16,1.790000,2.301000,2.638000,2.742000,3.047500,3.200000,3.250000,3.350000
238,2015-12-17,1.793000,2.299000,2.639000,2.762000,3.048100,3.200000,3.250000,3.350000
239,2015-12-18,1.816000,2.318000,2.685000,2.822000,3.050100,3.200000,3.250000,3.350000
240,2015-12-21,1.843000,2.334000,2.741000,2.891000,3.055100,3.200000,3.250000,3.350300
241,2015-12-22,1.875000,2.342000,2.769000,2.944000,3.061100,3.200000,3.250000,3.350000
242,2015-12-23,1.903000,2.348000,2.824000,2.987000,3.073500,3.200000,3.250000,3.350000
243,2015-12-24,1.924000,2.348000,2.863000,3.000000,3.077400,3.200000,3.250000,3.350000
244,2015-12-25,1.934000,2.355000,2.899000,3.004000,3.082500,3.200000,3.250000,3.350000
245,2015-12-28,1.939000,2.354000,2.917000,3.006500,3.087800,3.200000,3.250000,3.350000
246,2015-12-29,1.935000,2.352000,2.930000,3.005000,3.088200,3.200000,3.250000,3.350000
247,2015-12-30,1.935000,2.352000,2.918000,3.004000,3.088200,3.200000,3.250000,3.350000
248,2015-12-31,1.991000,2.355000,2.947000,3.002000,3.085200,3.200000,3.250000,3.350000
249,2016-01-04,1.995000,2.335000,2.904000,3.001000,3.086000,3.200000,3.250000,3.350000
250,2016-01-05,1.998000,2.330000,2.902000,3.001000,3.086000,3.200000,3.250000,3.350000
251,2016-01-06,1.980000,2.322000,2.900000,3.000000,3.082000,3.194000,3.250000,3.347000
252,2016-01-07,1.966000,2.313000,2.895000,2.999500,3.074600,3.191000,3.250000,3.346000
253,2016-01-08,1.958000,2.308000,2.867000,2.999000,3.067000,3.185600,3.249000,3.345000
254,2016-01-11,1.951000,2.303000,2.817000,2.998000,3.058500,3.178300,3.248000,3.344000
255,2016-01-12,1.951000,2.300000,2.798000,2.998000,3.053000,3.172000,3.246000,3.340000
256,2016-01-13,1.950000,2.300000,2.773000,2.967000,3.041000,3.163000,3.240000,3.334500
257,2016-01-14,1.950000,2.300000,2.756000,2.931000,3.027000,3.152000,3.232000,3.318000
258,2016-01-15,1.956000,2.303000,2.738000,2.899000,3.008000,3.136000,3.211000,3.295000
259,2016-01-18,1.954000,2.308000,2.730000,2.886000,2.985000,3.118000,3.188000,3.270500
260,2016-01-19,1.959000,2.316000,2.726000,2.881000,2.976000,3.105000,3.174000,3.250000
261,2016-01-20,1.983000,2.341000,2.729000,2.874000,2.970500,3.104000,3.172000,3.253000
262,2016-01-21,2.014000,2.405000,2.812000,2.918000,2.986000,3.103000,3.174000,3.253000
263,2016-01-22,2.028000,2.400000,2.836000,2.990000,3.031000,3.113000,3.178000,3.256000
264,2016-01-25,2.009000,2.376000,2.843000,3.019000,3.041500,3.118000,3.180000,3.259000
265,2016-01-26,1.997000,2.363000,2.900000,3.057000,3.073000,3.123500,3.184200,3.268200
266,2016-01-27,1.995000,2.359000,2.931000,3.092000,3.104000,3.121000,3.181000,3.265000
267,2016-01-28,1.992000,2.362000,2.945000,3.134000,3.107000,3.120500,3.180600,3.265000
268,2016-01-29,1.989000,2.330000,2.916000,3.168000,3.103000,3.122500,3.183600,3.265000
269,2016-02-01,1.987000,2.444000,2.875000,3.127000,3.082000,3.118800,3.184000,3.265000
270,2016-02-02,1.984000,2.455000,2.892000,3.101000,3.081000,3.119500,3.184000,3.265000
271,2016-02-03,1.983000,2.453000,2.894000,3.095000,3.071000,3.113000,3.178000,3.262000
272,2016-02-04,1.983000,2.455000,2.903000,3.089000,3.061000,3.109000,3.177000,3.253000
273,2016-02-05,1.984000,2.448000,2.897000,3.079000,3.060000,3.108000,3.174200,3.250000
274,2016-02-06,2.281000,2.353000,2.853000,3.044000,3.058000,3.107500,3.169000,3.251000
275,2016-02-14,1.978000,2.313000,2.570000,2.999000,3.049500,3.106500,3.166500,3.251000
276,2016-02-15,1.977000,2.300000,2.540000,2.979000,3.041000,3.104000,3.163000,3.250000
277,2016-02-16,1.974000,2.297000,2.519000,2.957000,3.029000,3.100000,3.158000,3.250000
278,2016-02-17,1.968000,2.297000,2.520000,2.938000,3.014000,3.100000,3.156000,3.250000
279,2016-02-18,1.951000,2.285000,2.506000,2.884000,3.004000,3.100000,3.155000,3.250000
280,2016-02-19,1.938000,2.286000,2.474000,2.839000,2.967000,3.074000,3.139000,3.234000
281,2016-02-22,1.934000,2.286000,2.460000,2.801000,2.947000,3.056000,3.123000,3.219000
282,2016-02-23,1.933000,2.283000,2.464000,2.775000,2.927000,3.040200,3.110000,3.210000
283,2016-02-24,1.956000,2.295000,2.480000,2.759000,2.901000,3.025500,3.103000,3.204000
284,2016-02-25,2.004000,2.321000,2.517000,2.757000,2.899000,3.025200,3.097000,3.197000
285,2016-02-26,2.048000,2.345000,2.622000,2.785000,2.899000,3.030000,3.097000,3.192000
286,2016-02-29,2.007000,2.335000,2.678000,2.800000,2.899000,3.022000,3.089000,3.186000
287,2016-03-01,1.968000,2.308000,2.695000,2.795000,2.883500,3.010000,3.078000,3.173500
288,2016-03-02,1.962000,2.300000,2.658000,2.738000,2.857000,2.996000,3.068000,3.145000
289,2016-03-03,1.957000,2.297000,2.613000,2.716000,2.840000,2.993000,3.057000,3.134000
290,2016-03-04,1.950000,2.295000,2.592000,2.703000,2.832000,2.989000,3.051000,3.125000
291,2016-03-07,1.951000,2.294000,2.581000,2.696000,2.823000,2.980000,3.044000,3.121000
292,2016-03-08,1.950000,2.293000,2.574000,2.689000,2.814000,2.976000,3.033000,3.112000
293,2016-03-09,1.950000,2.292000,2.570000,2.683000,2.807000,2.972000,3.026000,3.106000
294,2016-03-10,1.947000,2.280000,2.568000,2.678000,2.804000,2.959000,3.020000,3.101000
295,2016-03-11,1.945000,2.282000,2.561000,2.666000,2.799000,2.949000,3.016000,3.095500
296,2016-03-14,1.949000,2.281000,2.556000,2.659000,2.793000,2.940000,3.014000,3.093000
297,2016-03-15,1.953000,2.281000,2.558000,2.659000,2.793000,2.936000,3.011000,3.091000
298,2016-03-16,1.956000,2.282000,2.552000,2.658500,2.793000,2.930200,3.011000,3.090000
299,2016-03-17,1.970000,2.288000,2.551000,2.662000,2.791000,2.916000,3.003000,3.078000
300,2016-03-18,1.990000,2.295000,2.553000,2.662000,2.793000,2.902000,2.995000,3.068500
301,2016-03-21,1.998000,2.302000,2.606000,2.692000,2.795000,2.892000,2.992000,3.063500
302,2016-03-22,2.007000,2.305000,2.616000,2.699000,2.797000,2.887000,2.985000,3.058000
303,2016-03-23,2.000000,2.301000,2.625000,2.702500,2.798000,2.884000,2.980000,3.055500
304,2016-03-24,1.995000,2.297000,2.627000,2.704000,2.799000,2.879200,2.978000,3.055000
305,2016-03-25,1.989000,2.300000,2.635000,2.702000,2.797000,2.870000,2.974600,3.055000
306,2016-03-28,1.992000,2.301000,2.657000,2.706000,2.797000,2.868000,2.971000,3.055000
307,2016-03-29,1.996000,2.303000,2.678000,2.729000,2.800200,2.866000,2.970000,3.054000
308,2016-03-30,2.004000,2.312000,2.730000,2.766500,2.811500,2.869000,2.970000,3.052000
309,2016-03-31,2.017000,2.325000,2.788000,2.807000,2.824800,2.870000,2.970000,3.051000
310,2016-04-01,2.014000,2.320000,2.821000,2.816000,2.838500,2.872000,2.969000,3.051000
311,2016-04-05,1.993000,2.302000,2.812000,2.821200,2.846000,2.878000,2.968300,3.050000
312,2016-04-06,1.983000,2.294000,2.763000,2.806800,2.845000,2.880500,2.968000,3.049000
313,2016-04-07,1.978300,2.289000,2.745000,2.800000,2.847000,2.882500,2.968000,3.048000
314,2016-04-08,1.980000,2.287000,2.741000,2.798000,2.845500,2.882800,2.966000,3.047000
315,2016-04-11,1.985000,2.291000,2.738000,2.797000,2.848500,2.885000,2.965000,3.042000
316,2016-04-12,1.993000,2.295000,2.737000,2.797000,2.847000,2.887500,2.965000,3.043000
317,2016-04-13,1.996000,2.302000,2.739000,2.799000,2.848500,2.890500,2.966000,3.042000
318,2016-04-14,1.999000,2.304000,2.741000,2.799000,2.848700,2.892800,2.967000,3.042000
319,2016-04-15,1.995000,2.301000,2.743000,2.799000,2.848000,2.894000,2.967000,3.044000
320,2016-04-18,1.998000,2.302000,2.742000,2.799000,2.848000,2.893000,2.967000,3.042000
321,2016-04-19,2.004000,2.305000,2.743000,2.800000,2.850000,2.894000,2.967500,3.043000
322,2016-04-20,2.018000,2.322000,2.751000,2.803000,2.851000,2.894000,2.967000,3.042000
323,2016-04-21,2.029000,2.332000,2.757000,2.805500,2.861000,2.896500,2.967000,3.042000
324,2016-04-22,2.038000,2.334000,2.770000,2.811500,2.868000,2.902500,2.967600,3.042000
325,2016-04-25,2.045000,2.342000,2.787000,2.823000,2.873500,2.904000,2.967000,3.042000
326,2016-04-26,2.036000,2.341000,2.795000,2.829000,2.877500,2.907000,2.970800,3.042000
327,2016-04-27,2.024000,2.346000,2.801000,2.833000,2.883000,2.912000,2.971200,3.042000
328,2016-04-28,2.021000,2.368000,2.812000,2.841500,2.892500,2.916600,2.971200,3.042000
329,2016-04-29,2.049000,2.386000,2.823000,2.853000,2.908000,2.927000,2.975000,3.042000
330,2016-05-03,2.003300,2.340000,2.801100,2.848900,2.904400,2.930000,2.976700,3.042200
331,2016-05-04,2.000000,2.328000,2.797000,2.845000,2.899000,2.933000,2.977000,3.042000
332,2016-05-05,2.001000,2.329000,2.794000,2.846000,2.896000,2.934500,2.977000,3.042000
333,2016-05-06,2.000000,2.326000,2.794000,2.842000,2.894000,2.933500,2.977000,3.042000
334,2016-05-09,1.999000,2.323000,2.790000,2.841000,2.892000,2.932500,2.977000,3.042000
335,2016-05-10,1.999000,2.323000,2.792000,2.841000,2.892000,2.934500,2.977000,3.042000
336,2016-05-11,1.999000,2.324000,2.789000,2.838000,2.894000,2.938500,2.978000,3.043000
337,2016-05-12,2.000000,2.325000,2.787000,2.835000,2.895500,2.941800,2.979000,3.044000
338,2016-05-13,2.002000,2.324000,2.785000,2.834000,2.903500,2.945200,2.979000,3.045000
339,2016-05-16,2.005000,2.327000,2.786000,2.834000,2.907500,2.951600,2.981000,3.047000
340,2016-05-17,2.011000,2.331000,2.785000,2.835000,2.915800,2.955200,2.981200,3.049000
341,2016-05-18,2.011000,2.332000,2.782000,2.839000,2.922700,2.963600,2.982200,3.050000
342,2016-05-19,2.010000,2.331000,2.783000,2.837000,2.927300,2.965500,2.982300,3.050000
343,2016-05-20,2.008000,2.331000,2.782000,2.839000,2.928800,2.971600,2.984300,3.050000
344,2016-05-23,2.004000,2.330000,2.779000,2.840000,2.930000,2.976200,2.986500,3.050000
345,2016-05-24,2.002000,2.330000,2.778000,2.842000,2.933000,2.980700,2.990800,3.050000
346,2016-05-25,2.001000,2.331000,2.779000,2.842000,2.938500,2.982000,2.993000,3.050000
347,2016-05-26,2.001000,2.332000,2.775000,2.845000,2.941000,2.981000,2.993000,3.050000
348,2016-05-27,2.001000,2.333000,2.777000,2.846000,2.942000,2.982200,2.992000,3.050000
349,2016-05-30,2.002000,2.334000,2.776000,2.846000,2.945500,2.982200,2.992000,3.050000
350,2016-05-31,2.010000,2.338000,2.771000,2.846000,2.946000,2.982200,2.992000,3.050000
351,2016-06-01,2.006000,2.337000,2.762000,2.842000,2.946000,2.982300,2.992000,3.050000
352,2016-06-02,2.004000,2.342000,2.763000,2.838000,2.946000,2.982300,2.992000,3.050000
353,2016-06-03,1.999000,2.338000,2.757000,2.835000,2.947000,2.983300,2.993000,3.050000
354,2016-06-06,1.998000,2.337000,2.757000,2.839000,2.946000,2.983300,2.992000,3.050000
355,2016-06-07,2.000000,2.340000,2.754000,2.838000,2.946000,2.983400,2.993500,3.050000
356,2016-06-08,2.000000,2.341000,2.752000,2.838000,2.946000,2.982000,2.993000,3.050000
357,2016-06-12,2.000000,2.343000,2.741000,2.842000,2.946000,2.982000,2.993000,3.050000
358,2016-06-13,2.000000,2.342000,2.737000,2.844000,2.947600,2.983300,2.993000,3.050000
359,2016-06-14,2.000000,2.341000,2.731000,2.844000,2.950800,2.983400,2.994400,3.050000
360,2016-06-15,2.000000,2.341000,2.725000,2.844000,2.952100,2.983400,2.994000,3.050000
361,2016-06-16,2.002000,2.343000,2.726000,2.853500,2.952300,2.983400,2.994500,3.050000
362,2016-06-17,2.005000,2.346000,2.738000,2.859000,2.956800,2.984400,2.994500,3.050000
363,2016-06-20,2.010000,2.351000,2.744000,2.867500,2.957200,2.984500,2.994500,3.051000
364,2016-06-21,2.019000,2.354000,2.751000,2.872800,2.957300,2.984500,2.994500,3.051000
365,2016-06-22,2.027000,2.355000,2.759000,2.876800,2.959300,2.983500,2.994500,3.051000
366,2016-06-23,2.032000,2.358000,2.776000,2.881300,2.960500,2.983500,2.994500,3.051000
367,2016-06-24,2.035000,2.371000,2.784000,2.885200,2.962600,2.982500,2.998500,3.051000
368,2016-06-27,2.038000,2.375000,2.792000,2.888600,2.961800,2.984500,3.001900,3.051000
369,2016-06-28,2.040000,2.381000,2.796000,2.889900,2.963800,2.984500,3.001200,3.051000
370,2016-06-29,2.038000,2.386000,2.800000,2.890000,2.963900,2.986500,3.001200,3.051000
371,2016-06-30,2.037000,2.385000,2.800000,2.887000,2.965900,2.988700,3.001200,3.050000
372,2016-07-01,2.027000,2.365000,2.801000,2.877000,2.966100,2.989900,3.001200,3.050000
373,2016-07-04,2.014000,2.355000,2.794000,2.869000,2.967200,2.990000,3.001200,3.050000
374,2016-07-05,2.007000,2.344000,2.786000,2.860000,2.960500,2.990000,3.001200,3.050000
375,2016-07-06,1.999000,2.337000,2.774000,2.856000,2.953000,2.989000,3.000000,3.050000
376,2016-07-07,1.997000,2.330000,2.760000,2.853500,2.945500,2.987000,3.000000,3.050000
377,2016-07-08,1.996000,2.327000,2.753000,2.849500,2.936000,2.983000,3.000000,3.050000
378,2016-07-11,1.996000,2.323000,2.741000,2.845000,2.931000,2.977500,2.999000,3.050000
379,2016-07-12,1.994000,2.319000,2.732000,2.837000,2.924000,2.975000,2.997000,3.050000
380,2016-07-13,1.993000,2.313000,2.718000,2.823000,2.907000,2.971500,2.996000,3.049000
381,2016-07-14,1.993000,2.310000,2.703000,2.810000,2.888000,2.966000,2.994000,3.047000
382,2016-07-15,1.996000,2.308000,2.693000,2.803000,2.877000,2.964000,2.986000,3.047000
383,2016-07-18,1.996000,2.307000,2.688000,2.799000,2.870000,2.959000,2.985000,3.048000
384,2016-07-19,2.003000,2.308000,2.684000,2.795000,2.865000,2.957000,2.985000,3.048000
385,2016-07-20,2.005000,2.308000,2.679000,2.794000,2.861500,2.956000,2.985000,3.045000
386,2016-07-21,2.008000,2.311000,2.677000,2.786000,2.857500,2.955000,2.982000,3.046000
387,2016-07-22,2.023000,2.321000,2.678000,2.784000,2.856000,2.954000,2.981000,3.044000
388,2016-07-25,2.032000,2.332000,2.680000,2.780000,2.854000,2.948000,2.976000,3.041000
389,2016-07-26,2.037000,2.348000,2.691000,2.779000,2.851000,2.945500,2.974000,3.041000
390,2016-07-27,2.038000,2.360000,2.696000,2.777000,2.849000,2.944600,2.970500,3.041000
391,2016-07-28,2.028000,2.359000,2.695000,2.775000,2.846500,2.938500,2.965600,3.039000
392,2016-07-29,2.017000,2.348000,2.692000,2.773000,2.846000,2.936000,2.965800,3.038000
393,2016-08-01,2.012000,2.343000,2.683000,2.766500,2.844000,2.934000,2.964600,3.037800
394,2016-08-02,2.008000,2.338000,2.675000,2.761000,2.839000,2.928000,2.959500,3.035800
395,2016-08-03,2.004000,2.332000,2.666000,2.755000,2.833500,2.922500,2.953500,3.033500
396,2016-08-04,2.002000,2.324000,2.657000,2.739000,2.822000,2.917000,2.948400,3.030000
397,2016-08-05,2.002000,2.317000,2.649000,2.729000,2.818500,2.910500,2.944500,3.028000
398,2016-08-08,2.005000,2.316000,2.639000,2.721000,2.815000,2.907000,2.940000,3.026000
399,2016-08-09,2.010000,2.317000,2.635000,2.714000,2.810500,2.905500,2.937000,3.025000
400,2016-08-10,2.017000,2.325000,2.636000,2.709000,2.808500,2.904500,2.934700,3.026000
401,2016-08-11,2.021000,2.332000,2.636000,2.705000,2.805000,2.901000,2.933500,3.027000
402,2016-08-12,2.021000,2.336000,2.636000,2.705000,2.804500,2.900000,2.930900,3.026000
403,2016-08-15,2.023300,2.341100,2.640000,2.705600,2.802800,2.900000,2.931800,3.027800
404,2016-08-16,2.022000,2.343000,2.637000,2.702000,2.799500,2.898000,2.929500,3.026000
405,2016-08-17,2.022000,2.345000,2.635000,2.698000,2.796000,2.897000,2.927000,3.026000
406,2016-08-18,2.023000,2.347000,2.634000,2.696000,2.794000,2.895000,2.927000,3.026000
407,2016-08-19,2.023000,2.347000,2.631000,2.696000,2.793000,2.896000,2.926000,3.027000
408,2016-08-22,2.023300,2.346700,2.633300,2.697800,2.794400,2.896700,2.926700,3.026700
409,2016-08-23,2.033000,2.352000,2.632000,2.696000,2.793000,2.895000,2.926000,3.026000
410,2016-08-24,2.043000,2.362000,2.641000,2.697600,2.794000,2.896000,2.927000,3.027000
411,2016-08-25,2.044000,2.364000,2.647000,2.699800,2.795000,2.896000,2.927000,3.027000
412,2016-08-26,2.044000,2.362000,2.637000,2.697000,2.796000,2.895000,2.927000,3.027000
413,2016-08-29,2.049000,2.364000,2.621000,2.696000,2.795000,2.894000,2.927000,3.027000
414,2016-08-30,2.063000,2.366000,2.602000,2.696000,2.795000,2.891500,2.926500,3.025000
415,2016-08-31,2.065000,2.369000,2.583000,2.696000,2.794000,2.891500,2.926500,3.027000
416,2016-09-01,2.066000,2.368000,2.571300,2.696000,2.791000,2.889500,2.925500,3.026000
417,2016-09-02,2.066000,2.369000,2.555000,2.690000,2.788000,2.886000,2.924000,3.026500
418,2016-09-05,2.070000,2.369000,2.544000,2.686000,2.786000,2.884000,2.921000,3.025500
419,2016-09-06,2.077000,2.368000,2.536000,2.682000,2.784500,2.880500,2.920000,3.026500
420,2016-09-07,2.080300,2.368000,2.529000,2.677000,2.781000,2.879000,2.921000,3.026500
421,2016-09-08,2.081000,2.370000,2.520000,2.674500,2.781000,2.877000,2.921000,3.025500
422,2016-09-09,2.085000,2.376500,2.517000,2.677000,2.783100,2.879000,2.921000,3.025500
423,2016-09-12,2.095000,2.378000,2.516000,2.676700,2.784900,2.878900,2.921000,3.026500
424,2016-09-13,2.108000,2.385500,2.516500,2.679200,2.785000,2.878900,2.921000,3.026500
425,2016-09-14,2.128000,2.392000,2.519000,2.686000,2.788500,2.879400,2.921000,3.026500
426,2016-09-18,2.140000,2.394000,2.522000,2.689600,2.791900,2.881500,2.921000,3.027500
427,2016-09-19,2.154000,2.397000,2.531000,2.695000,2.796000,2.882200,2.922600,3.027500
428,2016-09-20,2.159000,2.400000,2.533000,2.699000,2.799000,2.882300,2.924800,3.027500
429,2016-09-21,2.167000,2.405000,2.540000,2.706900,2.800900,2.884300,2.924000,3.027500
430,2016-09-22,2.168000,2.408000,2.560000,2.717700,2.803000,2.887500,2.924900,3.027500
431,2016-09-23,2.166800,2.406000,2.577000,2.729800,2.804000,2.888800,2.928000,3.027500
432,2016-09-26,2.164000,2.439000,2.581000,2.733000,2.804000,2.889900,2.928300,3.026500
433,2016-09-27,2.166000,2.459000,2.589000,2.735300,2.802500,2.887000,2.928400,3.026500
434,2016-09-28,2.178000,2.476000,2.595000,2.739600,2.801500,2.887000,2.928400,3.026500
435,2016-09-29,2.188000,2.487000,2.602000,2.743000,2.801500,2.887000,2.928400,3.026500
436,2016-09-30,2.327000,2.477000,2.602000,2.741000,2.801500,2.887000,2.928400,3.026500
437,2016-10-08,2.193000,2.442000,2.588000,2.736000,2.801500,2.887000,2.928400,3.027500
438,2016-10-09,2.175000,2.425000,2.574000,2.730000,2.801500,2.887000,2.928400,3.027500
439,2016-10-10,2.162000,2.410000,2.561000,2.725000,2.801500,2.887000,2.928400,3.027500
440,2016-10-11,2.153000,2.394000,2.552000,2.718000,2.801500,2.887000,2.928400,3.027500
441,2016-10-12,2.150000,2.383000,2.545000,2.714800,2.801500,2.887000,2.928400,3.027500
442,2016-10-13,2.151000,2.378000,2.543000,2.712500,2.802500,2.887700,2.928400,3.027500
443,2016-10-14,2.153000,2.374000,2.541000,2.711000,2.802500,2.887000,2.928400,3.027500
444,2016-10-17,2.159000,2.375000,2.542000,2.710100,2.804000,2.887000,2.928400,3.027500
445,2016-10-18,2.173000,2.381000,2.544000,2.712100,2.804000,2.887000,2.928400,3.027500
446,2016-10-19,2.196000,2.390000,2.550000,2.713300,2.804000,2.888700,2.930900,3.028000
447,2016-10-20,2.208000,2.397000,2.553000,2.721300,2.805400,2.888900,2.936100,3.028000
448,2016-10-21,2.222000,2.401000,2.554000,2.724200,2.809600,2.889900,2.938700,3.028000
449,2016-10-24,2.231000,2.404000,2.556000,2.724500,2.813000,2.891000,2.940900,3.029000
450,2016-10-25,2.238000,2.404000,2.560000,2.726500,2.814000,2.893000,2.943000,3.030000
451,2016-10-26,2.248000,2.409000,2.566000,2.734700,2.816400,2.894000,2.944000,3.030000
452,2016-10-27,2.254000,2.411000,2.570000,2.736500,2.820700,2.895000,2.945000,3.031000
453,2016-10-28,2.254000,2.415000,2.573000,2.742700,2.822100,2.898000,2.948500,3.032000
454,2016-10-31,2.253000,2.418000,2.573000,2.745300,2.823300,2.900000,2.951000,3.032000
455,2016-11-01,2.252000,2.416000,2.573000,2.748600,2.825400,2.902000,2.952000,3.032000
456,2016-11-02,2.249200,2.414000,2.573000,2.750900,2.829600,2.903200,2.952000,3.035000
457,2016-11-03,2.245000,2.408000,2.572000,2.749000,2.838000,2.903400,2.956200,3.038000
458,2016-11-04,2.232000,2.405000,2.570000,2.748900,2.845800,2.906400,2.958700,3.040800
459,2016-11-07,2.206000,2.399000,2.567000,2.748900,2.857600,2.911200,2.959900,3.041000
460,2016-11-08,2.187000,2.392000,2.565000,2.747000,2.864800,2.913700,2.961000,3.041000
461,2016-11-09,2.182000,2.389000,2.562000,2.745000,2.865500,2.915400,2.963500,3.041500
462,2016-11-10,2.196000,2.393000,2.563000,2.746000,2.870100,2.918500,2.964000,3.044000
463,2016-11-11,2.211000,2.402000,2.563000,2.747600,2.875100,2.920900,2.965000,3.045000
464,2016-11-14,2.231000,2.407000,2.565000,2.750800,2.884600,2.923000,2.968000,3.048000
465,2016-11-15,2.247000,2.415000,2.569000,2.751100,2.895500,2.930300,2.973800,3.049000
466,2016-11-16,2.257000,2.428000,2.574000,2.754500,2.912500,2.938000,2.979200,3.054000
467,2016-11-17,2.259000,2.436000,2.581000,2.760800,2.932500,2.952600,2.988800,3.060500
468,2016-11-18,2.265000,2.444000,2.585000,2.773900,2.950500,2.971500,2.999000,3.071200
469,2016-11-21,2.271000,2.448000,2.593000,2.789400,2.970100,2.985200,3.006900,3.078200
470,2016-11-22,2.273000,2.450000,2.597000,2.799000,2.976500,2.996000,3.014000,3.082500
471,2016-11-23,2.277000,2.451000,2.601000,2.808900,2.985700,3.003600,3.018400,3.085300
472,2016-11-24,2.282000,2.452000,2.602000,2.819900,2.995600,3.010400,3.028900,3.097600
473,2016-11-25,2.289000,2.458000,2.603000,2.826000,3.002600,3.020100,3.034900,3.108800
474,2016-11-28,2.298000,2.466000,2.607000,2.844600,3.011300,3.033100,3.044500,3.119900
475,2016-11-29,2.302000,2.481000,2.618000,2.856500,3.017200,3.043400,3.053500,3.131000
476,2016-11-30,2.316000,2.496000,2.638000,2.869700,3.035800,3.060400,3.071400,3.149100
477,2016-12-01,2.325000,2.502000,2.653000,2.893000,3.055600,3.077100,3.090200,3.160000
478,2016-12-02,2.320000,2.501000,2.658000,2.916300,3.068600,3.086800,3.100100,3.173000
479,2016-12-05,2.308000,2.497000,2.662000,2.945700,3.088900,3.105700,3.121100,3.185300
480,2016-12-06,2.299000,2.493000,2.666000,2.975600,3.103900,3.122600,3.144200,3.206600
481,2016-12-07,2.292000,2.491000,2.675000,2.999600,3.113400,3.138300,3.165500,3.219700
482,2016-12-08,2.290800,2.490800,2.678500,3.030000,3.114400,3.139900,3.169600,3.231000
483,2016-12-09,2.292500,2.492800,2.682000,3.056000,3.126500,3.144000,3.176000,3.239100
484,2016-12-12,2.292000,2.494000,2.686000,3.075600,3.137700,3.146400,3.181600,3.246000
485,2016-12-13,2.296000,2.496000,2.694000,3.091600,3.149800,3.160700,3.194200,3.260600
486,2016-12-14,2.300000,2.499000,2.699400,3.107200,3.156800,3.173100,3.208200,3.274100
487,2016-12-15,2.311000,2.505000,2.705000,3.124500,3.163500,3.184200,3.227500,3.285500
488,2016-12-16,2.330000,2.519000,2.712000,3.154500,3.177400,3.198500,3.241800,3.298600
489,2016-12-19,2.335000,2.525000,2.726000,3.169500,3.189800,3.209900,3.250200,3.305900
490,2016-12-20,2.345000,2.537500,2.746500,3.200000,3.204000,3.222000,3.266100,3.318600
491,2016-12-21,2.345000,2.544000,2.760000,3.221000,3.216400,3.231200,3.276700,3.334900
492,2016-12-22,2.341000,2.544000,2.770000,3.237100,3.226700,3.244200,3.282700,3.345500
493,2016-12-23,2.323000,2.543000,2.776000,3.255800,3.233700,3.251500,3.287300,3.354600
494,2016-12-26,2.294000,2.545000,2.783000,3.271600,3.241400,3.267200,3.292800,3.357500
495,2016-12-27,2.264000,2.547000,2.786000,3.284200,3.251200,3.271800,3.297300,3.359800
496,2016-12-28,2.246000,2.545000,2.799000,3.294500,3.259200,3.276200,3.301800,3.361000
497,2016-12-29,2.227000,2.544000,2.813000,3.298800,3.265100,3.283500,3.311500,3.367500
498,2016-12-30,2.230000,2.543000,2.828000,3.305900,3.272600,3.286400,3.319200,3.372800
499,2017-01-03,2.209000,2.589000,2.817000,3.312600,3.281300,3.303700,3.331000,3.383300
500,2017-01-04,2.172000,2.545000,2.805000,3.322300,3.291200,3.309400,3.339100,3.390400
501,2017-01-05,2.130000,2.474000,2.792000,3.357800,3.338400,3.345000,3.367000,3.431100
502,2017-01-06,2.112000,2.441000,2.782000,3.410100,3.438800,3.438000,3.441300,3.488200
503,2017-01-09,2.094000,2.410000,2.765000,3.473800,3.515200,3.509300,3.496200,3.532900
504,2017-01-10,2.096000,2.399000,2.762000,3.531400,3.552600,3.548100,3.524700,3.553300
505,2017-01-11,2.104000,2.390000,2.753000,3.566200,3.585300,3.580900,3.549500,3.567400
506,2017-01-12,2.103000,2.394000,2.743000,3.638700,3.653600,3.620100,3.572000,3.583800
507,2017-01-13,2.104000,2.398000,2.762600,3.671800,3.687400,3.646100,3.587200,3.601400
508,2017-01-16,2.142000,2.423900,2.781500,3.685200,3.701800,3.661700,3.596800,3.610200
509,2017-01-17,2.256300,2.466600,2.807600,3.711600,3.722200,3.681200,3.611700,3.632100
510,2017-01-18,2.328000,2.504200,2.855000,3.750200,3.749100,3.698200,3.627200,3.651300
511,2017-01-19,2.364000,2.538000,2.954400,3.795100,3.803000,3.736900,3.639800,3.660200
512,2017-01-20,2.376000,2.593000,3.007700,3.819600,3.821300,3.742700,3.647000,3.669100
513,2017-01-22,2.189000,2.607000,3.013100,3.808000,3.830100,3.762800,3.655700,3.677000
514,2017-01-23,2.175000,2.637000,3.021500,3.811800,3.840100,3.774000,3.666600,3.684700
515,2017-01-24,2.164000,2.662000,3.038500,3.814200,3.840100,3.780200,3.678700,3.690500
516,2017-01-25,2.165000,2.684000,3.067200,3.829500,3.855100,3.814600,3.700500,3.713600
517,2017-01-26,2.529300,2.691000,3.176300,3.851000,3.870600,3.837700,3.723300,3.739600
518,2017-02-03,2.218000,2.652000,3.067500,3.876100,3.917500,3.878000,3.770500,3.786000
519,2017-02-04,2.257100,2.648000,3.043400,3.890700,3.934800,3.903900,3.809200,3.821400
520,2017-02-06,2.278000,2.628000,3.056200,3.903100,3.949700,3.919500,3.847000,3.854200
521,2017-02-07,2.281000,2.628300,3.067000,3.930400,4.016000,3.942900,3.875100,3.882000
522,2017-02-08,2.276500,2.633000,3.085600,3.960100,4.109400,3.972200,3.888200,3.901900
523,2017-02-09,2.272000,2.634000,3.091900,3.983900,4.144000,4.004500,3.908400,3.916800
524,2017-02-10,2.267800,2.623300,3.091100,3.993800,4.172700,4.021700,3.928800,3.935200
525,2017-02-13,2.264000,2.623000,3.097000,4.005200,4.202900,4.070000,3.950300,3.953000
526,2017-02-14,2.261000,2.620800,3.098800,4.016000,4.214800,4.101200,3.966800,3.968000
527,2017-02-15,2.265800,2.627000,3.103300,4.031200,4.239400,4.138100,3.983500,3.984600
528,2017-02-16,2.333000,2.643500,3.109800,4.051600,4.251800,4.146300,3.992400,3.990600
529,2017-02-17,2.360000,2.664000,3.113200,4.065200,4.256700,4.156700,4.000700,4.000500
530,2017-02-20,2.408600,2.675000,3.129500,4.075000,4.262200,4.166500,4.005700,4.006400
531,2017-02-21,2.483000,2.691000,3.138800,4.082000,4.270400,4.175500,4.009100,4.010200
532,2017-02-22,2.484500,2.706000,3.142000,4.085000,4.277800,4.182400,4.015500,4.022500
533,2017-02-23,2.527100,2.716000,3.146000,4.093000,4.284000,4.188100,4.024500,4.030500
534,2017-02-24,2.475600,2.725000,3.150000,4.091000,4.282900,4.190000,4.033400,4.036200
535,2017-02-27,2.433800,2.711000,3.150000,4.082000,4.280400,4.192200,4.035300,4.040700
536,2017-02-28,2.493000,2.728000,3.158000,4.080000,4.284100,4.196000,4.043700,4.046700
537,2017-03-01,2.494300,2.729000,3.163000,4.076300,4.288100,4.199800,4.045400,4.049700
538,2017-03-02,2.461100,2.732000,3.167000,4.083000,4.290400,4.200000,4.048700,4.049200
539,2017-03-03,2.369000,2.659000,3.138000,4.085100,4.290500,4.200200,4.049900,4.051000
540,2017-03-06,2.403300,2.646000,3.137000,4.095100,4.292500,4.201000,4.051000,4.051100
541,2017-03-07,2.404100,2.644000,3.140000,4.101600,4.291800,4.201000,4.051600,4.052700
542,2017-03-08,2.406100,2.655000,3.156000,4.105200,4.293200,4.201000,4.052700,4.053600
543,2017-03-09,2.407600,2.659000,3.159000,4.112600,4.294300,4.201000,4.056700,4.053900
544,2017-03-10,2.401900,2.655000,3.161000,4.115300,4.294200,4.203100,4.060400,4.055100
545,2017-03-13,2.379000,2.649000,3.163000,4.122600,4.292500,4.205400,4.064800,4.061400
546,2017-03-14,2.376100,2.652000,3.168000,4.134300,4.292500,4.214600,4.076400,4.067800
547,2017-03-15,2.386900,2.656000,3.182500,4.153700,4.293300,4.220500,4.083700,4.081800
548,2017-03-16,2.441000,2.693800,3.213700,4.221800,4.326700,4.258100,4.109400,4.105200
549,2017-03-17,2.633000,2.725000,3.236000,4.277500,4.350700,4.290900,4.134000,4.124600
550,2017-03-20,2.632500,2.747100,3.269000,4.317200,4.371100,4.309100,4.150400,4.143500
551,2017-03-21,2.647700,2.768000,3.307000,4.355800,4.384600,4.321800,4.162100,4.155900
552,2017-03-22,2.650700,2.791000,3.337200,4.395900,4.407700,4.346000,4.171300,4.164900
553,2017-03-23,2.657000,2.807000,3.365000,4.447500,4.439600,4.359200,4.177200,4.171700
554,2017-03-24,2.604000,2.784000,3.362000,4.458100,4.451600,4.366300,4.178800,4.183500
555,2017-03-27,2.482000,2.799300,3.337800,4.429600,4.436400,4.359700,4.182900,4.187400
556,2017-03-28,2.448000,2.791000,3.334100,4.410500,4.423000,4.356000,4.188300,4.191800
557,2017-03-29,2.521000,2.810000,3.354400,4.395500,4.413500,4.353000,4.191900,4.195200
558,2017-03-30,2.507000,2.821000,3.383000,4.384300,4.399500,4.349000,4.194200,4.200600
559,2017-03-31,2.538400,2.850000,3.405000,4.350100,4.393000,4.350000,4.195000,4.200000
560,2017-04-01,2.497000,2.778000,3.356000,4.317000,4.364200,4.351000,4.197000,4.200000
561,2017-04-05,2.486800,2.740000,3.305300,4.252500,4.335500,4.347000,4.197000,4.200000
562,2017-04-06,2.537000,2.750600,3.275400,4.178300,4.318300,4.345000,4.197000,4.200000
563,2017-04-07,2.495700,2.741000,3.249000,4.118000,4.301000,4.339000,4.197000,4.200000
564,2017-04-10,2.442000,2.707000,3.220300,4.074600,4.290600,4.332000,4.197700,4.201000
565,2017-04-11,2.408000,2.687000,3.189700,4.038200,4.277400,4.322000,4.197500,4.201000
566,2017-04-12,2.388500,2.663100,3.163700,4.013200,4.265300,4.316000,4.196800,4.201100
567,2017-04-13,2.413000,2.656600,3.155300,4.001600,4.263100,4.316600,4.198700,4.202200
568,2017-04-14,2.429000,2.674000,3.161700,3.997200,4.263400,4.317700,4.198900,4.201300
569,2017-04-17,2.444000,2.690000,3.173500,3.997200,4.260900,4.314800,4.198900,4.202200
570,2017-04-18,2.486000,2.717500,3.188000,3.997800,4.262100,4.314500,4.199900,4.202300
571,2017-04-19,2.575000,2.752000,3.212500,4.000800,4.266100,4.322500,4.206900,4.211300
572,2017-04-20,2.598700,2.758000,3.227500,4.005000,4.272500,4.324200,4.209600,4.212100
573,2017-04-21,2.616300,2.760000,3.229000,4.009500,4.278100,4.325400,4.213900,4.214500
574,2017-04-24,2.715700,2.790000,3.241000,4.010000,4.278900,4.327600,4.216400,4.217500
575,2017-04-25,2.751400,2.814000,3.268000,4.010000,4.283900,4.328800,4.221700,4.222800
576,2017-04-26,2.759000,2.820300,3.279900,4.011000,4.288400,4.330900,4.223200,4.224300
577,2017-04-27,2.792000,2.844900,3.293500,4.016100,4.291700,4.333100,4.224400,4.225500
578,2017-04-28,2.819000,2.869900,3.303800,4.023700,4.297400,4.336400,4.226500,4.229600
579,2017-05-02,2.817500,2.873000,3.317000,4.027000,4.300200,4.339700,4.231700,4.233000
580,2017-05-03,2.845100,2.913000,3.349000,4.036100,4.330900,4.350000,4.241200,4.245300
581,2017-05-04,2.850600,2.927000,3.365000,4.043600,4.347600,4.360200,4.244900,4.250300
582,2017-05-05,2.834800,2.918600,3.366000,4.046900,4.360800,4.366400,4.246600,4.251200
583,2017-05-08,2.818000,2.909100,3.368300,4.044700,4.373100,4.374400,4.251000,4.255500
584,2017-05-09,2.819900,2.923300,3.375200,4.044100,4.384800,4.379900,4.255700,4.261200
585,2017-05-10,2.827000,2.930000,3.380500,4.046300,4.393300,4.385700,4.262300,4.267400
586,2017-05-11,2.813000,2.929400,3.384600,4.050700,4.408300,4.392000,4.264400,4.271500
587,2017-05-12,2.791100,2.910700,3.387200,4.046800,4.408800,4.395200,4.266500,4.272400
588,2017-05-15,2.716000,2.883300,3.389000,4.046200,4.418400,4.399600,4.267900,4.273900
589,2017-05-16,2.746000,2.882700,3.393000,4.047700,4.427800,4.402000,4.272700,4.278400
590,2017-05-17,2.752500,2.882000,3.397000,4.049500,4.434900,4.402100,4.276500,4.283100
591,2017-05-18,2.764100,2.886700,3.413400,4.052500,4.443900,4.404300,4.281400,4.286400
592,2017-05-19,2.715000,2.880000,3.419000,4.057100,4.464100,4.413000,4.285000,4.292500
593,2017-05-22,2.674500,2.867900,3.436600,4.061000,4.474400,4.414800,4.288100,4.302400
594,2017-05-23,2.654000,2.857100,3.448900,4.062400,4.495600,4.421500,4.296500,4.313700
595,2017-05-24,2.623000,2.842600,3.451300,4.064300,4.517700,4.426200,4.310700,4.322000
596,2017-05-25,2.611000,2.843000,3.457600,4.064600,4.533800,4.436800,4.325100,4.334200
597,2017-05-26,2.609000,2.853000,3.464400,4.065500,4.542400,4.443700,4.334600,4.343500
598,2017-05-27,2.601000,2.854000,3.466400,4.068500,4.552800,4.448100,4.341400,4.354400
599,2017-05-31,2.636500,2.856000,3.471100,4.076300,4.564100,4.449900,4.344300,4.357900
600,2017-06-01,2.652500,2.866000,3.473800,4.101300,4.577900,4.451000,4.348700,4.370000
601,2017-06-02,2.795300,2.884000,3.484000,4.189200,4.601200,4.449000,4.352900,4.377300
602,2017-06-05,2.816700,2.894000,3.493000,4.283000,4.622500,4.454200,4.362300,4.386200
603,2017-06-06,2.841900,2.895900,3.499200,4.363300,4.657700,4.463100,4.366800,4.392200
604,2017-06-07,2.809000,2.891900,3.511900,4.430400,4.698800,4.484400,4.375800,4.399100
605,2017-06-08,2.819900,2.893900,3.526000,4.514600,4.730600,4.495500,4.383600,4.406000
606,2017-06-09,2.827500,2.894900,3.535000,4.585400,4.755500,4.505600,4.388400,4.411600
607,2017-06-12,2.830200,2.896800,3.549500,4.627300,4.776300,4.517600,4.389100,4.417200
608,2017-06-13,2.832000,2.900000,3.557000,4.652900,4.782700,4.525800,4.394900,4.420800
609,2017-06-14,2.825000,2.902600,3.566000,4.682600,4.782700,4.532600,4.398500,4.423100
610,2017-06-15,2.831700,2.904700,3.569000,4.694600,4.772300,4.535300,4.403900,4.426400
611,2017-06-16,2.852800,2.914000,3.583300,4.699000,4.761300,4.541600,4.406400,4.429700
612,2017-06-19,2.863500,2.920400,3.622300,4.697900,4.747000,4.543000,4.409400,4.431000
613,2017-06-20,2.877600,2.930000,3.650100,4.658400,4.714100,4.538900,4.414000,4.436800
614,2017-06-21,2.889000,2.942900,3.687000,4.632200,4.688000,4.534900,4.418100,4.435900
615,2017-06-22,2.869000,2.943200,3.733300,4.607000,4.652100,4.530600,4.417700,4.434200
616,2017-06-23,2.810000,2.936000,3.763400,4.589000,4.630000,4.527700,4.416700,4.434500
617,2017-06-26,2.717000,2.906300,3.764000,4.573800,4.612500,4.521000,4.415400,4.436900
618,2017-06-27,2.626000,2.883400,3.765000,4.548000,4.583300,4.513400,4.411000,4.433000
619,2017-06-28,2.559600,2.857700,3.762000,4.521900,4.552200,4.499800,4.408600,4.429900
620,2017-06-29,2.539000,2.850700,3.759500,4.495500,4.521100,4.483300,4.402000,4.419300
621,2017-06-30,2.618000,2.845500,3.751000,4.460800,4.500900,4.474300,4.400600,4.420300
622,2017-07-03,2.720000,2.841000,3.745000,4.425200,4.485700,4.470000,4.400500,4.419300
623,2017-07-04,2.689700,2.829900,3.734200,4.398700,4.460600,4.456900,4.400000,4.416200
624,2017-07-05,2.583000,2.802800,3.720600,4.338000,4.428500,4.443100,4.400000,4.413000
625,2017-07-06,2.547300,2.791900,3.708000,4.276200,4.387600,4.427400,4.399000,4.410800
626,2017-07-07,2.533000,2.785800,3.699000,4.215000,4.360700,4.410000,4.398000,4.409100
627,2017-07-10,2.549000,2.784000,3.693000,4.161000,4.342100,4.400600,4.398000,4.407300
628,2017-07-11,2.621000,2.812000,3.691000,4.120500,4.321200,4.399500,4.398000,4.407500
629,2017-07-12,2.646000,2.815600,3.691800,4.084800,4.308800,4.390900,4.396100,4.406600
630,2017-07-13,2.659000,2.818400,3.694000,4.067500,4.290000,4.387900,4.397800,4.407400
631,2017-07-14,2.627000,2.803000,3.686000,4.039700,4.281000,4.385000,4.395000,4.405100
632,2017-07-17,2.632900,2.805700,3.680900,4.012000,4.270600,4.379000,4.392900,4.405000
633,2017-07-18,2.701000,2.829300,3.692600,3.998900,4.266600,4.369200,4.387900,4.403400
634,2017-07-19,2.722000,2.842000,3.697300,3.992000,4.260000,4.368500,4.385400,4.400800
635,2017-07-20,2.753400,2.853000,3.705000,3.979200,4.255100,4.359700,4.381200,4.397600
636,2017-07-21,2.733000,2.847000,3.702000,3.949700,4.255000,4.351700,4.380400,4.397700
637,2017-07-24,2.708000,2.845000,3.699000,3.930000,4.255000,4.345300,4.378200,4.396000
638,2017-07-25,2.714700,2.849000,3.698000,3.920500,4.254000,4.344400,4.377000,4.393500
639,2017-07-26,2.725000,2.849000,3.699700,3.908600,4.251000,4.343400,4.375900,4.390400
640,2017-07-27,2.786000,2.862600,3.703000,3.899400,4.250000,4.343200,4.376000,4.390800
641,2017-07-28,2.815200,2.877000,3.703000,3.891500,4.251400,4.348100,4.376100,4.389200
642,2017-07-31,2.806000,2.882000,3.705000,3.889000,4.256100,4.349300,4.379000,4.388100
643,2017-08-01,2.809300,2.886000,3.708000,3.888600,4.263100,4.351800,4.381500,4.393100
644,2017-08-02,2.832000,2.892000,3.707000,3.887500,4.268100,4.352100,4.383700,4.396100
645,2017-08-03,2.807000,2.884000,3.703700,3.888400,4.270400,4.356300,4.383800,4.398200
646,2017-08-04,2.721000,2.865700,3.700000,3.882800,4.272400,4.356200,4.382200,4.397900
647,2017-08-07,2.736000,2.865000,3.699000,3.878100,4.273300,4.357300,4.382100,4.398000
648,2017-08-08,2.784000,2.871000,3.701000,3.875500,4.273500,4.361400,4.382100,4.397000
649,2017-08-09,2.801800,2.882100,3.702000,3.875600,4.281800,4.363300,4.382300,4.398000
650,2017-08-10,2.797000,2.876700,3.702000,3.869100,4.286700,4.363600,4.383600,4.398500
651,2017-08-11,2.790000,2.872500,3.700000,3.862700,4.297900,4.367300,4.383700,4.398500
652,2017-08-14,2.774300,2.868000,3.700000,3.851200,4.314800,4.376300,4.385900,4.398100
653,2017-08-15,2.798000,2.874000,3.700000,3.848000,4.326800,4.379500,4.388800,4.399900
654,2017-08-16,2.821300,2.880000,3.702000,3.850000,4.336300,4.378700,4.389200,4.400000
655,2017-08-17,2.835200,2.892700,3.708000,3.858200,4.341700,4.381800,4.389900,4.400000
656,2017-08-18,2.835500,2.894000,3.715400,3.864400,4.344000,4.383600,4.391200,4.401000
657,2017-08-21,2.848200,2.897000,3.724700,3.867100,4.346400,4.384700,4.392300,4.402000
658,2017-08-22,2.817100,2.898500,3.727900,3.871200,4.350500,4.387200,4.392400,4.403200
659,2017-08-23,2.845300,2.902800,3.732300,3.875700,4.357100,4.389200,4.392900,4.404100
660,2017-08-24,2.847900,2.904000,3.738500,3.883900,4.361900,4.389600,4.394000,4.405100
661,2017-08-25,2.855000,2.909800,3.739000,3.887200,4.368900,4.389800,4.394500,4.406800
662,2017-08-28,2.851000,2.906400,3.739900,3.891500,4.374000,4.392400,4.397500,4.407800
663,2017-08-29,2.922000,2.921000,3.744700,3.896200,4.376500,4.393700,4.400800,4.410700
664,2017-08-30,2.923700,2.926600,3.750000,3.905500,4.386700,4.396800,4.401800,4.413300
665,2017-08-31,2.831000,2.887900,3.733600,3.892000,4.372800,4.388400,4.394500,4.403800
666,2017-09-01,2.813000,2.876400,3.726200,3.892000,4.374100,4.386100,4.391900,4.402300
667,2017-09-04,2.750000,2.857200,3.723800,3.903200,4.402300,4.391900,4.391600,4.401700
668,2017-09-05,2.665000,2.820200,3.715000,3.909400,4.417300,4.396100,4.394200,4.403200
669,2017-09-06,2.641000,2.809200,3.713000,3.919000,4.427100,4.398100,4.396500,4.403400
670,2017-09-07,2.640600,2.805600,3.711000,3.933500,4.434800,4.401400,4.400600,4.405500
671,2017-09-08,2.636000,2.802300,3.708800,3.937000,4.428100,4.401900,4.401100,4.405900
672,2017-09-11,2.644000,2.801400,3.708500,3.933900,4.403400,4.397400,4.401100,4.403300
673,2017-09-12,2.648300,2.803600,3.708500,3.935400,4.376800,4.390800,4.397000,4.400900
674,2017-09-13,2.650000,2.805600,3.710300,3.930500,4.371100,4.389100,4.395700,4.401000
675,2017-09-14,2.681000,2.823900,3.713000,3.936100,4.367500,4.387400,4.397000,4.399000
676,2017-09-15,2.695800,2.832000,3.721800,3.951000,4.364700,4.387000,4.398000,4.401500
677,2017-09-18,2.756000,2.844000,3.737000,3.966700,4.364300,4.387400,4.397600,4.401200
678,2017-09-19,2.832000,2.868000,3.752400,3.981500,4.363800,4.390300,4.398800,4.403200
679,2017-09-20,2.790000,2.869000,3.758000,3.985400,4.367000,4.391800,4.398900,4.404000
680,2017-09-21,2.805700,2.869000,3.763900,3.989700,4.367500,4.391900,4.397000,4.403100
681,2017-09-22,2.756000,2.858000,3.765900,3.990800,4.361100,4.390000,4.399000,4.402800
682,2017-09-25,2.758000,2.898700,3.771900,3.994100,4.357800,4.388400,4.397700,4.403300
683,2017-09-26,2.837000,2.929100,3.781100,4.006200,4.355800,4.387500,4.397800,4.404000
684,2017-09-27,2.863000,2.949400,3.791000,4.017400,4.356500,4.387500,4.399000,4.404800
685,2017-09-28,2.917000,2.967500,3.792900,4.056500,4.356000,4.386600,4.398000,4.404900
686,2017-09-29,2.804000,2.963900,3.807700,4.074300,4.356100,4.386500,4.397600,4.404300
687,2017-09-30,2.938000,2.967100,3.819400,4.069300,4.356500,4.386300,4.397500,4.404000
688,2017-10-09,2.740000,2.920100,3.818000,4.061400,4.350200,4.387800,4.399000,4.403000
689,2017-10-10,2.738000,2.939000,3.813000,4.056000,4.354100,4.386800,4.398000,4.403000
690,2017-10-11,2.741000,2.924700,3.809700,4.052000,4.355500,4.387200,4.398300,4.402500
691,2017-10-12,2.657000,2.886000,3.798900,4.051200,4.358100,4.387700,4.397300,4.401000
692,2017-10-13,2.605000,2.851600,3.792300,4.049000,4.359900,4.386800,4.398000,4.401700
693,2017-10-16,2.594000,2.848000,3.778400,4.042700,4.366800,4.387500,4.397800,4.401200
694,2017-10-17,2.600300,2.848300,3.773200,4.035600,4.371100,4.388000,4.397900,4.401500
695,2017-10-18,2.596000,2.846800,3.771900,4.034200,4.372900,4.388700,4.397800,4.401800
696,2017-10-19,2.592000,2.840500,3.775800,4.028500,4.373700,4.389200,4.397700,4.401600
697,2017-10-20,2.578200,2.837900,3.781200,4.023500,4.375800,4.388300,4.399000,4.403200
698,2017-10-23,2.616000,2.834100,3.787900,4.020000,4.379300,4.388800,4.398000,4.403200
699,2017-10-24,2.634000,2.834300,3.795000,4.018600,4.380300,4.389200,4.398000,4.401700
700,2017-10-25,2.664000,2.859400,3.802000,4.018800,4.383000,4.389100,4.398000,4.402900
701,2017-10-26,2.693700,2.869900,3.807000,4.019000,4.384500,4.391600,4.398800,4.404900
702,2017-10-27,2.718100,2.878800,3.820600,4.019400,4.390100,4.392600,4.400100,4.404500
703,2017-10-30,2.720000,2.888000,3.834300,4.020000,4.392600,4.393600,4.402000,4.410700
704,2017-10-31,2.736000,2.894000,3.846000,4.027000,4.395400,4.397800,4.406300,4.417600
705,2017-11-01,2.739000,2.894000,3.850000,4.029000,4.408000,4.403400,4.411400,4.422300
706,2017-11-02,2.626000,2.859000,3.836000,4.028900,4.409900,4.410100,4.417100,4.428700
707,2017-11-03,2.577200,2.824900,3.828700,4.013300,4.421700,4.416500,4.423500,4.433800
708,2017-11-06,2.512000,2.797000,3.812200,4.005900,4.429400,4.429700,4.423700,4.436400
709,2017-11-07,2.552000,2.787800,3.799900,3.997500,4.431400,4.431900,4.425500,4.440200
710,2017-11-08,2.595000,2.789200,3.798000,3.993500,4.437700,4.439000,4.434500,4.442200
711,2017-11-09,2.646000,2.811000,3.800000,4.003400,4.456800,4.448900,4.440300,4.449700
712,2017-11-10,2.717000,2.845500,3.812000,4.010400,4.474700,4.456900,4.448200,4.457300
713,2017-11-13,2.787000,2.859200,3.822800,4.013200,4.515500,4.467500,4.458300,4.466100
714,2017-11-14,2.827000,2.876500,3.833000,4.014400,4.534600,4.496800,4.468600,4.477800
715,2017-11-15,2.806000,2.886000,3.840000,4.016400,4.545500,4.522700,4.494600,4.501800
716,2017-11-16,2.800000,2.886000,3.843000,4.027000,4.565600,4.543700,4.522500,4.543200
717,2017-11-17,2.738000,2.865000,3.846000,4.030700,4.601600,4.580400,4.555300,4.570400
718,2017-11-20,2.786000,2.859000,3.850000,4.030100,4.622200,4.606000,4.563600,4.575000
719,2017-11-21,2.808000,2.861000,3.853000,4.035100,4.624300,4.608600,4.569400,4.583500
720,2017-11-22,2.809000,2.868000,3.860000,4.037600,4.637500,4.615900,4.582000,4.590400
721,2017-11-23,2.803000,2.871000,3.870000,4.038800,4.651800,4.623600,4.586200,4.597100
722,2017-11-24,2.797000,2.873000,3.872000,4.037900,4.672200,4.634400,4.590700,4.601800
723,2017-11-27,2.819000,2.883000,3.875000,4.036800,4.710300,4.649500,4.597500,4.607200
724,2017-11-28,2.799000,2.883000,3.879000,4.036700,4.728000,4.666000,4.602800,4.613800
725,2017-11-29,2.683000,2.877000,3.881000,4.037000,4.743800,4.679600,4.609300,4.619400
726,2017-11-30,2.788000,2.898000,3.884000,4.072000,4.759400,4.703000,4.620000,4.629000
727,2017-12-01,2.642000,2.851000,3.876000,4.163200,4.763900,4.709300,4.623000,4.632900
728,2017-12-04,2.600000,2.816000,3.860000,4.238400,4.780400,4.722000,4.627300,4.638300
729,2017-12-05,2.579000,2.799000,3.853000,4.303900,4.790100,4.731200,4.637800,4.645900
730,2017-12-06,2.573000,2.787000,3.849000,4.339400,4.783000,4.732200,4.641800,4.648600
731,2017-12-07,2.585000,2.791000,3.851000,4.395000,4.787300,4.734300,4.649200,4.651900
732,2017-12-08,2.608000,2.799000,3.851000,4.433500,4.791800,4.748500,4.652000,4.656200
733,2017-12-11,2.688000,2.818000,3.851000,4.457400,4.799200,4.762900,4.654200,4.660700
734,2017-12-12,2.726000,2.830000,3.857000,4.489800,4.799000,4.770300,4.656500,4.665100
735,2017-12-13,2.788000,2.851000,3.863000,4.524000,4.803900,4.782100,4.664700,4.671600
736,2017-12-14,2.803000,2.868000,3.870000,4.553400,4.814400,4.796300,4.676500,4.686200
737,2017-12-15,2.724000,2.871000,3.871000,4.581400,4.817500,4.806700,4.681700,4.699700
738,2017-12-18,2.723000,2.871000,3.883000,4.638200,4.834800,4.809700,4.685200,4.697000
739,2017-12-19,2.741000,2.873000,3.891000,4.686900,4.838500,4.812000,4.692600,4.698700
740,2017-12-20,2.730000,2.874000,3.898000,4.737700,4.855900,4.832200,4.694300,4.721900
741,2017-12-21,2.665000,2.871000,3.904000,4.771800,4.867600,4.847300,4.700500,4.738200
742,2017-12-22,2.612000,2.867000,3.909000,4.840200,4.890800,4.869800,4.705100,4.748900
743,2017-12-25,2.569000,2.881000,3.919400,4.916200,4.909200,4.888500,4.710200,4.760500
744,2017-12-26,2.589000,2.892000,3.935000,4.927700,4.909000,4.883900,4.713100,4.763100
745,2017-12-27,2.666000,2.905000,3.957000,4.930000,4.912900,4.880400,4.715400,4.759400
746,2017-12-28,2.672000,2.925000,3.972000,4.932000,4.912300,4.882100,4.716600,4.761000
747,2017-12-29,2.840000,2.954000,3.989000,4.935200,4.913300,4.882300,4.720700,4.758100
748,2018-01-02,2.657000,2.839000,3.943000,4.743000,4.804000,4.831000,4.715000,4.747000
749,2018-01-03,2.563500,2.785000,3.870000,4.622000,4.730000,4.783000,4.711000,4.736000
750,2018-01-04,2.505000,2.760000,3.802000,4.476000,4.687000,4.738000,4.702000,4.728600
751,2018-01-05,2.484000,2.745000,3.749000,4.375600,4.663700,4.711800,4.699000,4.724900
752,2018-01-08,2.461000,2.737000,3.720000,4.288600,4.659400,4.705200,4.698900,4.720000
753,2018-01-09,2.529000,2.744000,3.698000,4.220900,4.657000,4.702600,4.697000,4.720000
754,2018-01-10,2.643000,2.776000,3.706000,4.182100,4.660700,4.699000,4.697000,4.720000
755,2018-01-11,2.832000,2.832000,3.776000,4.163200,4.670100,4.704900,4.701700,4.723000
756,2018-01-12,2.830000,2.864000,3.808000,4.113400,4.679100,4.708500,4.705200,4.723300
757,2018-01-15,2.794000,2.860000,3.816000,4.090400,4.683000,4.713900,4.711600,4.725300
758,2018-01-16,2.785000,2.879000,3.828000,4.094100,4.684300,4.712400,4.714200,4.729600
759,2018-01-17,2.765000,2.878000,3.837000,4.090500,4.693500,4.713300,4.716500,4.732000
760,2018-01-18,2.765500,2.878000,3.843000,4.092100,4.704400,4.715400,4.723700,4.733200
761,2018-01-19,2.836000,2.891000,3.846000,4.111300,4.711500,4.721600,4.727400,4.738400
762,2018-01-22,2.771000,2.889000,3.854000,4.112200,4.712200,4.727200,4.731800,4.742900
763,2018-01-23,2.602000,2.863000,3.860000,4.112300,4.716300,4.727800,4.732200,4.742300
764,2018-01-24,2.574000,2.832000,3.863000,4.118300,4.726700,4.726800,4.732300,4.742300
765,2018-01-25,2.563400,2.849800,3.860000,4.126900,4.731700,4.729700,4.733300,4.742300
766,2018-01-26,2.550600,2.842000,3.860000,4.125700,4.729200,4.727000,4.732400,4.742300
767,2018-01-29,2.566000,2.842000,3.863000,4.127600,4.727000,4.728700,4.730300,4.742300
768,2018-01-30,2.554000,2.838000,3.858000,4.128800,4.726700,4.729900,4.731100,4.742300
769,2018-01-31,2.594000,2.829800,3.855200,4.128900,4.725700,4.730000,4.731200,4.742300
770,2018-02-01,2.515400,2.792500,3.864200,4.132900,4.727600,4.732000,4.733200,4.746300
771,2018-02-02,2.517300,2.788000,3.867000,4.129300,4.727800,4.732200,4.731400,4.745700
772,2018-02-05,2.530500,2.775800,3.872000,4.107000,4.725800,4.732300,4.730200,4.744600
773,2018-02-06,2.539000,2.770600,3.875000,4.088700,4.720600,4.731300,4.732100,4.746500
774,2018-02-07,2.571000,2.771000,3.883000,4.080900,4.707000,4.730200,4.732300,4.745000
775,2018-02-08,2.572000,2.904000,3.885000,4.078000,4.696000,4.729100,4.731300,4.745500
776,2018-02-09,2.589000,2.918000,3.892000,4.074000,4.693600,4.729000,4.731200,4.745600
777,2018-02-11,2.608000,2.917000,3.908000,4.069400,4.697400,4.728900,4.731200,4.745600
778,2018-02-12,2.585000,2.918000,3.919000,4.075000,4.696000,4.726900,4.731200,4.745600
779,2018-02-13,2.587000,2.928000,3.948000,4.070500,4.700600,4.728700,4.731200,4.745600
780,2018-02-14,2.723000,2.910000,3.876000,4.075100,4.703100,4.728000,4.731000,4.744000
781,2018-02-22,2.631000,2.891000,3.855000,4.066600,4.705400,4.726800,4.728100,4.743400
782,2018-02-23,2.597000,2.881000,3.863000,4.055700,4.707600,4.730700,4.729900,4.742000
783,2018-02-24,2.560000,2.876000,3.858000,4.052600,4.707800,4.729100,4.730000,4.742000
784,2018-02-26,2.571000,2.870000,3.845900,4.044300,4.712800,4.729000,4.730000,4.742000
785,2018-02-27,2.561000,2.861000,3.832900,4.038000,4.710300,4.727000,4.730000,4.742200
786,2018-02-28,2.708000,2.906000,3.842000,4.042800,4.713100,4.728700,4.730000,4.742000
787,2018-03-01,2.691000,2.896000,3.839000,4.040300,4.715400,4.728900,4.730000,4.742000
788,2018-03-02,2.773000,2.897000,3.838000,4.045100,4.719100,4.731900,4.730000,4.742000
789,2018-03-05,2.652000,2.894000,3.840000,4.072600,4.722000,4.733200,4.730000,4.742000
790,2018-03-06,2.617000,2.886000,3.839000,4.145300,4.733200,4.733400,4.730000,4.742000
791,2018-03-07,2.592000,2.873000,3.836000,4.193600,4.736400,4.740400,4.730500,4.742000
792,2018-03-08,2.570000,2.862000,3.833000,4.254400,4.740700,4.746800,4.731300,4.741800
793,2018-03-09,2.573000,2.857000,3.829000,4.326500,4.741000,4.750800,4.731300,4.741800
794,2018-03-12,2.586000,2.858000,3.828000,4.370700,4.735000,4.751800,4.731300,4.741800
795,2018-03-13,2.637000,2.870000,3.828000,4.407100,4.725000,4.751800,4.731300,4.741800
796,2018-03-14,2.633000,2.869000,3.827000,4.457800,4.719000,4.756800,4.731300,4.741800
797,2018-03-15,2.632000,2.866000,3.826000,4.490800,4.713900,4.758800,4.731800,4.741800
798,2018-03-16,2.586000,2.865000,3.827000,4.510100,4.712000,4.748800,4.731800,4.741800
799,2018-03-19,2.561000,2.863000,3.825000,4.512100,4.704000,4.741800,4.731800,4.741800
800,2018-03-20,2.558000,2.861000,3.827000,4.509300,4.685000,4.734000,4.731800,4.741800
801,2018-03-21,2.559000,2.858000,3.836000,4.504200,4.675100,4.718500,4.728500,4.741800
802,2018-03-22,2.549000,2.853800,3.848000,4.466200,4.662100,4.709500,4.717800,4.737000
803,2018-03-23,2.545000,2.846400,3.855000,4.436400,4.648900,4.700500,4.713300,4.724800
804,2018-03-26,2.543000,2.862000,3.855000,4.409400,4.635100,4.692500,4.708800,4.723300
805,2018-03-27,2.593500,2.874000,3.864500,4.390600,4.623900,4.660600,4.704300,4.718800
806,2018-03-28,2.592000,2.889000,3.865500,4.342100,4.617400,4.665600,4.699900,4.714800
807,2018-03-29,2.581000,2.895800,3.871000,4.313300,4.524700,4.605300,4.640500,4.678000
808,2018-03-30,2.690000,2.916600,3.881000,4.288400,4.461500,4.568600,4.602100,4.650800
809,2018-04-02,2.622000,2.883000,3.846500,4.187900,4.405200,4.530900,4.562300,4.625000
810,2018-04-03,2.574000,2.870000,3.837000,4.126800,4.350600,4.493100,4.531300,4.603300
811,2018-04-04,2.469000,2.830000,3.781000,4.059700,4.310100,4.474000,4.511200,4.580000
812,2018-04-08,2.446000,2.812000,3.743000,4.011000,4.278100,4.442400,4.485200,4.559000
813,2018-04-09,2.528000,2.806000,3.717000,3.970100,4.257900,4.414000,4.472600,4.548900
814,2018-04-10,2.551000,2.807000,3.693000,3.915000,4.229000,4.394000,4.466600,4.542000
815,2018-04-11,2.561000,2.804000,3.684000,3.871000,4.209000,4.380000,4.459000,4.538000
816,2018-04-12,2.557000,2.800000,3.674000,3.842000,4.199000,4.367000,4.453000,4.536000
817,2018-04-13,2.557000,2.798000,3.671000,3.825000,4.179000,4.356000,4.451000,4.535000
818,2018-04-16,2.582000,2.802000,3.676000,3.821000,4.173000,4.351000,4.448000,4.534000
819,2018-04-17,2.665000,2.843000,3.715000,3.834000,4.174000,4.351000,4.444000,4.537000
820,2018-04-18,2.679000,2.858000,3.748000,3.821000,4.103000,4.313000,4.415000,4.500000
821,2018-04-19,2.733000,2.884000,3.782000,3.791000,4.050000,4.275000,4.378000,4.448000
822,2018-04-20,2.747000,2.893000,3.800000,3.761000,4.017000,4.238000,4.353000,4.419000
823,2018-04-23,2.724000,2.900000,3.807000,3.751000,4.004000,4.211000,4.336000,4.409000
824,2018-04-24,2.736000,2.907000,3.819000,3.748000,3.991000,4.193000,4.326000,4.394000
825,2018-04-25,2.728000,2.911000,3.821000,3.780000,3.984000,4.185000,4.317000,4.380000
826,2018-04-26,2.765000,2.925000,3.828000,3.865000,3.992000,4.183000,4.315000,4.383000
827,2018-04-27,2.921000,2.978000,3.860000,3.899000,4.007000,4.184000,4.313000,4.385000
828,2018-04-28,2.824000,2.972000,3.868000,3.900000,4.005000,4.180000,4.309000,4.382000
829,2018-05-02,2.720000,2.892000,3.824000,3.893000,4.003000,4.174000,4.306000,4.376000
830,2018-05-03,2.681000,2.852000,3.783000,3.870000,3.993000,4.162000,4.296000,4.364000
831,2018-05-04,2.594000,2.806000,3.735300,3.851000,3.993000,4.154000,4.291000,4.357000
832,2018-05-07,2.582000,2.768000,3.692000,3.840000,3.994300,4.150000,4.285000,4.349000
833,2018-05-08,2.575000,2.751000,3.663000,3.829000,3.999400,4.151000,4.282500,4.348000
834,2018-05-09,2.520000,2.734000,3.639000,3.816000,4.013000,4.152000,4.278000,4.346000
835,2018-05-10,2.509000,2.723000,3.621000,3.806000,4.034000,4.152000,4.282000,4.346000
836,2018-05-11,2.487000,2.713000,3.606000,3.799000,4.050000,4.155000,4.285000,4.348000
837,2018-05-14,2.580000,2.738000,3.594000,3.801000,4.060000,4.162000,4.289000,4.353000
838,2018-05-15,2.641000,2.773000,3.611000,3.813000,4.072000,4.172000,4.297000,4.355000
839,2018-05-16,2.766000,2.835000,3.649000,3.825000,4.082000,4.188000,4.304000,4.363000
840,2018-05-17,2.597000,2.803000,3.649000,3.831000,4.101000,4.194000,4.306000,4.366000
841,2018-05-18,2.563000,2.768000,3.656000,3.833000,4.147000,4.202000,4.309000,4.370000
842,2018-05-21,2.527000,2.756000,3.669000,3.832000,4.151000,4.207000,4.309000,4.371000
843,2018-05-22,2.525000,2.755000,3.673000,3.838000,4.160000,4.207000,4.307000,4.371000
844,2018-05-23,2.530000,2.752000,3.679000,3.841000,4.173000,4.211000,4.309000,4.373000
845,2018-05-24,2.530000,2.751000,3.680000,3.845000,4.193000,4.215000,4.311000,4.371000
846,2018-05-25,2.528000,2.794000,3.687000,3.847000,4.215000,4.229000,4.315000,4.373000
847,2018-05-28,2.533000,2.806000,3.690000,3.840000,4.242000,4.243000,4.318000,4.376000
848,2018-05-29,2.742000,2.848000,3.715000,3.850000,4.282000,4.265000,4.326000,4.381000
849,2018-05-30,2.884000,2.895000,3.729000,3.872000,4.312000,4.289000,4.330000,4.385000
850,2018-05-31,2.831000,2.898000,3.735000,3.905000,4.329000,4.296000,4.333000,4.388000
851,2018-06-01,2.801000,2.897000,3.738000,3.966000,4.339000,4.304000,4.336000,4.391000
852,2018-06-04,2.599000,2.818000,3.727000,3.993000,4.341000,4.307000,4.340000,4.393000
853,2018-06-05,2.584000,2.802000,3.713000,4.025000,4.346000,4.308000,4.343000,4.394000
854,2018-06-06,2.562000,2.792000,3.689000,4.042000,4.354000,4.307000,4.343000,4.394000
855,2018-06-07,2.555000,2.783000,3.675000,4.050000,4.350000,4.307000,4.344000,4.395000
856,2018-06-08,2.563000,2.772000,3.662000,4.054000,4.351000,4.311000,4.345000,4.397000
857,2018-06-11,2.573000,2.776000,3.656000,4.083000,4.353000,4.313000,4.348000,4.398000
858,2018-06-12,2.584000,2.789000,3.659000,4.087000,4.352000,4.317000,4.349000,4.399000
859,2018-06-13,2.589000,2.800000,3.656000,4.101000,4.351000,4.321000,4.350000,4.400000
860,2018-06-14,2.591000,2.809000,3.665000,4.107000,4.351000,4.323000,4.352000,4.400000
861,2018-06-15,2.592000,2.810000,3.663000,4.126000,4.352000,4.332000,4.353000,4.399000
862,2018-06-19,2.590000,2.809000,3.690000,4.144000,4.346000,4.324000,4.352000,4.400000
863,2018-06-20,2.619000,2.822000,3.713000,4.157000,4.334000,4.326000,4.352000,4.400000
864,2018-06-21,2.593000,2.825000,3.735000,4.157000,4.329000,4.322000,4.351000,4.400000
865,2018-06-22,2.586000,2.819000,3.751000,4.151000,4.305000,4.312000,4.350000,4.398000
866,2018-06-25,2.564000,2.826000,3.760000,4.134000,4.272000,4.300000,4.333000,4.385000
867,2018-06-26,2.518000,2.831000,3.780000,4.125000,4.261000,4.296000,4.329000,4.381000
868,2018-06-27,2.445000,2.834000,3.793000,4.097000,4.242000,4.274000,4.310000,4.370000
869,2018-06-28,2.289000,2.841000,3.811000,4.064000,4.192000,4.241000,4.292000,4.352000
870,2018-06-29,2.628000,2.862000,3.825000,4.031000,4.155000,4.223000,4.273000,4.331000
871,2018-07-02,2.519000,2.780000,3.778000,4.004000,4.104000,4.193000,4.243000,4.298000
872,2018-07-03,2.420000,2.719000,3.658000,3.882400,3.994400,4.125300,4.170300,4.223800
873,2018-07-04,2.199000,2.662000,3.493000,3.732000,3.919000,4.051000,4.097000,4.149000
874,2018-07-05,2.132000,2.605000,3.292000,3.571000,3.818000,3.970000,4.033000,4.082000
875,2018-07-06,1.967000,2.588000,3.176000,3.446000,3.740000,3.904000,3.976000,4.039000
876,2018-07-09,1.991000,2.602000,3.104000,3.340000,3.682000,3.870000,3.946000,4.009000
877,2018-07-10,2.308000,2.657000,3.068000,3.285000,3.649000,3.847000,3.928000,3.994000
878,2018-07-11,2.406000,2.679000,3.045000,3.241000,3.632000,3.820000,3.911000,3.976000
879,2018-07-12,2.487000,2.686000,3.031000,3.222000,3.626000,3.805000,3.908000,3.969000
880,2018-07-13,2.480000,2.686000,3.027000,3.208000,3.613000,3.799000,3.902000,3.961000
881,2018-07-16,2.557000,2.699000,3.018000,3.210000,3.608000,3.800000,3.903000,3.962000
882,2018-07-17,2.591000,2.703000,3.007000,3.215100,3.601000,3.800000,3.901000,3.969000
883,2018-07-18,2.525000,2.702000,2.991000,3.214000,3.588000,3.793000,3.895000,3.969000
884,2018-07-19,2.416000,2.683000,2.973000,3.198000,3.561000,3.776000,3.887000,3.962000
885,2018-07-20,2.346000,2.675000,2.961000,3.183000,3.536000,3.748000,3.875000,3.953000
886,2018-07-23,2.362000,2.658000,2.936000,3.162000,3.503000,3.724000,3.850000,3.923000
887,2018-07-24,2.353000,2.655000,2.913000,3.121000,3.475000,3.690000,3.814000,3.897000
888,2018-07-25,2.349000,2.667000,2.897000,3.103000,3.419000,3.634000,3.770000,3.851000
889,2018-07-26,2.321000,2.660000,2.878000,3.071000,3.363000,3.556000,3.727000,3.812000
890,2018-07-27,2.284000,2.654000,2.853000,3.035000,3.303000,3.514000,3.688000,3.781000
891,2018-07-30,2.198000,2.651000,2.831000,2.994000,3.233000,3.433000,3.633000,3.737000
892,2018-07-31,2.066000,2.648000,2.812000,2.965000,3.174000,3.380000,3.589000,3.712000
893,2018-08-01,2.028000,2.622000,2.776000,2.935000,3.119000,3.333000,3.554000,3.682000
894,2018-08-02,1.970000,2.584000,2.720000,2.884000,3.056000,3.269000,3.504000,3.626000
895,2018-08-03,1.849000,2.525000,2.676000,2.837000,3.003000,3.213000,3.432000,3.551000
896,2018-08-06,1.819000,2.469000,2.606000,2.791000,2.954000,3.144000,3.350000,3.475000
897,2018-08-07,1.613000,2.386000,2.519000,2.728000,2.895000,3.068000,3.271000,3.395000
898,2018-08-08,1.422000,2.345000,2.453000,2.678000,2.842000,2.995000,3.195000,3.314000
899,2018-08-09,1.622000,2.450000,2.458000,2.643000,2.816000,2.954000,3.152000,3.256000
900,2018-08-10,1.826000,2.426000,2.466000,2.616000,2.801000,2.925000,3.131000,3.244000
901,2018-08-13,2.113000,2.491000,2.471000,2.603000,2.791000,2.915000,3.119000,3.235000
902,2018-08-14,2.328000,2.589000,2.495000,2.613000,2.799000,2.925000,3.133000,3.265000
903,2018-08-15,2.345000,2.612000,2.515000,2.631000,2.807000,2.930000,3.155000,3.285000
904,2018-08-16,2.511000,2.637000,2.560000,2.639000,2.813000,2.946000,3.184000,3.329000
905,2018-08-17,2.580000,2.650000,2.605000,2.653000,2.817000,2.971000,3.219000,3.364000
906,2018-08-20,2.625000,2.674000,2.690000,2.676000,2.830000,2.997000,3.276000,3.406000
907,2018-08-21,2.636000,2.681000,2.739000,2.694000,2.856000,3.053000,3.325000,3.446000
908,2018-08-22,2.538000,2.662000,2.750000,2.701000,2.878000,3.076000,3.352000,3.491000
909,2018-08-23,2.454000,2.649000,2.755000,2.731000,2.887000,3.128000,3.405000,3.512000
910,2018-08-24,2.392000,2.612000,2.748000,2.738000,2.889000,3.156000,3.408000,3.511000
911,2018-08-27,2.440000,2.642000,2.747000,2.751000,2.895000,3.172000,3.411000,3.512000
912,2018-08-28,2.425500,2.647000,2.728000,2.750000,2.899000,3.195000,3.410000,3.514000
913,2018-08-29,2.389500,2.646000,2.702000,2.742000,2.897000,3.207000,3.411000,3.509000
914,2018-08-30,2.277000,2.640000,2.686000,2.727000,2.894000,3.209000,3.411000,3.506000
915,2018-08-31,2.309000,2.633000,2.680000,2.720000,2.894000,3.207000,3.415000,3.503000
916,2018-09-03,2.277000,2.621000,2.665000,2.716000,2.887000,3.207000,3.413000,3.502000
917,2018-09-04,2.195000,2.600000,2.646000,2.706000,2.878000,3.205000,3.409000,3.500000
918,2018-09-05,2.164000,2.552000,2.623000,2.696000,2.850000,3.200000,3.403000,3.500000
919,2018-09-06,2.494000,2.633000,2.638000,2.700000,2.845000,3.201000,3.407000,3.500000
920,2018-09-07,2.591000,2.673000,2.705000,2.712000,2.851000,3.202000,3.409000,3.500000
921,2018-09-10,2.573000,2.679000,2.715000,2.723000,2.842000,3.209000,3.414000,3.500000
922,2018-09-11,2.590000,2.686000,2.735000,2.735000,2.848000,3.213000,3.419000,3.501000
923,2018-09-12,2.557000,2.675000,2.734000,2.751000,2.846000,3.216000,3.437000,3.513000
924,2018-09-13,2.530000,2.663000,2.732000,2.760000,2.843000,3.222000,3.447000,3.521000
925,2018-09-14,2.489000,2.645000,2.714000,2.756000,2.830000,3.224000,3.452000,3.522500
926,2018-09-17,2.466000,2.639000,2.706000,2.749000,2.822000,3.227000,3.448000,3.516000
927,2018-09-18,2.654000,2.685000,2.719000,2.753000,2.820000,3.233000,3.449000,3.514000
928,2018-09-19,2.562000,2.668000,2.719000,2.751000,2.818000,3.235000,3.453000,3.513000
929,2018-09-20,2.519000,2.659000,2.733000,2.753000,2.812000,3.241000,3.448000,3.512000
930,2018-09-21,2.514000,2.654000,2.746000,2.754000,2.815000,3.248000,3.453000,3.516000
931,2018-09-25,2.543000,2.692000,2.791000,2.771000,2.827000,3.257000,3.461000,3.520000
932,2018-09-26,2.553000,2.711000,2.879000,2.785000,2.830000,3.267000,3.475000,3.523000
933,2018-09-27,2.460000,2.722000,2.986000,2.799000,2.838000,3.275000,3.484000,3.526000
934,2018-09-28,2.445000,2.730000,3.127000,2.800000,2.843000,3.282000,3.486000,3.527000
935,2018-09-29,2.073000,2.783000,3.310000,2.802000,2.846000,3.285000,3.489000,3.521000
936,2018-09-30,2.653000,2.766000,3.473000,2.802000,2.847000,3.287000,3.489000,3.521000
937,2018-10-08,2.536000,2.657000,2.766000,2.781000,2.836000,3.269000,3.476000,3.512000
938,2018-10-09,2.502000,2.633000,2.703000,2.734000,2.816000,3.258000,3.464000,3.504000
939,2018-10-10,2.398000,2.618000,2.673000,2.705000,2.810000,3.253000,3.459000,3.502000
940,2018-10-11,2.360000,2.611000,2.650000,2.692000,2.801000,3.251000,3.455000,3.506000
941,2018-10-12,2.439000,2.615000,2.644000,2.682000,2.800000,3.250000,3.453000,3.505000
942,2018-10-15,2.377000,2.612000,2.637000,2.668000,2.801000,3.253000,3.451000,3.505000
943,2018-10-16,2.373000,2.603000,2.633000,2.658000,2.800000,3.253000,3.450000,3.505000
944,2018-10-17,2.353000,2.604000,2.632000,2.651000,2.818000,3.254000,3.450000,3.505000
945,2018-10-18,2.427000,2.611000,2.637000,2.651000,2.832000,3.260000,3.453000,3.504000
946,2018-10-19,2.445000,2.622000,2.648000,2.655000,2.842000,3.267000,3.456000,3.507000
947,2018-10-22,2.475000,2.632000,2.650000,2.663000,2.871000,3.277000,3.471000,3.516000
948,2018-10-23,2.451000,2.635000,2.653000,2.672000,2.903000,3.289000,3.488000,3.532000
949,2018-10-24,2.393000,2.631000,2.653000,2.675000,2.924000,3.296000,3.498000,3.544000
950,2018-10-25,2.215000,2.630000,2.651000,2.675000,2.948000,3.297000,3.505000,3.552000
951,2018-10-26,2.067000,2.618000,2.650000,2.673000,2.952000,3.297000,3.502000,3.550000
952,2018-10-29,1.852000,2.609000,2.651000,2.672000,2.958000,3.297000,3.502000,3.550000
953,2018-10-30,1.566000,2.598000,2.640000,2.663000,2.957000,3.295000,3.501000,3.550000
954,2018-10-31,2.370000,2.715000,2.730000,2.689000,2.963000,3.298000,3.504000,3.550000
955,2018-11-01,2.547000,2.673000,2.691000,2.696000,2.976000,3.297000,3.504000,3.550000
956,2018-11-02,2.477000,2.649000,2.662000,2.694000,2.981000,3.296000,3.505000,3.550000
957,2018-11-05,2.434500,2.638000,2.652000,2.691000,2.986000,3.294000,3.505000,3.550000
958,2018-11-06,2.270000,2.613000,2.646000,2.684000,2.991000,3.294000,3.504000,3.550000
959,2018-11-07,2.090600,2.595000,2.626000,2.680000,2.997000,3.297000,3.505000,3.551000
960,2018-11-08,1.978000,2.600000,2.619000,2.678000,3.000000,3.299000,3.506000,3.550000
961,2018-11-09,2.038000,2.599000,2.617000,2.671000,3.001000,3.300000,3.509000,3.552000
962,2018-11-12,2.309000,2.624000,2.627000,2.675000,3.001000,3.300000,3.510000,3.553000
963,2018-11-13,2.468000,2.633000,2.636000,2.685000,3.004000,3.300000,3.516000,3.558000
964,2018-11-14,2.325000,2.632000,2.638000,2.685000,3.008000,3.298000,3.512000,3.554000
965,2018-11-15,2.339000,2.629000,2.638000,2.685000,3.010000,3.296000,3.512000,3.550000
966,2018-11-16,2.345000,2.629000,2.641000,2.684000,3.023000,3.297000,3.513000,3.553000
967,2018-11-19,2.551000,2.643000,2.650000,2.686000,3.035000,3.293000,3.510000,3.551000
968,2018-11-20,2.609000,2.665000,2.677000,2.696000,3.053000,3.294000,3.505000,3.543000
969,2018-11-21,2.579000,2.656000,2.678000,2.697000,3.060000,3.287000,3.504000,3.544000
970,2018-11-22,2.456000,2.642000,2.668000,2.697000,3.064000,3.281000,3.495000,3.535000
971,2018-11-23,2.356000,2.628000,2.655000,2.691000,3.073000,3.275000,3.491000,3.529000
972,2018-11-26,2.498000,2.644000,2.661000,2.693000,3.085000,3.277000,3.488000,3.525000
973,2018-11-27,2.556000,2.643000,2.664000,2.697000,3.096000,3.278000,3.487000,3.527000
974,2018-11-28,2.539000,2.650000,2.663000,2.699000,3.104000,3.277000,3.486000,3.528000
975,2018-11-29,2.262000,2.650000,2.663000,2.696900,3.109400,3.276700,3.483600,3.527800
976,2018-11-30,2.642000,2.669000,2.673000,2.701000,3.113000,3.279000,3.483000,3.527000
977,2018-12-03,2.515000,2.618000,2.648000,2.714000,3.117000,3.275000,3.478000,3.527000
978,2018-12-04,2.445000,2.621000,2.641000,2.745000,3.126000,3.275000,3.478000,3.527000
979,2018-12-05,2.267000,2.581000,2.613000,2.782000,3.133000,3.276000,3.478000,3.526000
980,2018-12-06,2.418000,2.600000,2.612000,2.810000,3.133000,3.275000,3.478000,3.525000
981,2018-12-07,2.416000,2.611000,2.618000,2.828000,3.136000,3.277000,3.478000,3.525000
982,2018-12-10,2.453000,2.615000,2.622000,2.838000,3.142000,3.277000,3.478000,3.526000
983,2018-12-11,2.463000,2.624000,2.625000,2.848000,3.145000,3.274000,3.475000,3.521000
984,2018-12-12,2.424000,2.626000,2.631000,2.874000,3.147000,3.274000,3.477000,3.522000
985,2018-12-13,2.519000,2.636000,2.638000,2.900000,3.149000,3.273000,3.477000,3.520000
986,2018-12-14,2.655000,2.683000,2.676000,2.966000,3.156000,3.274000,3.479000,3.520000
987,2018-12-17,2.625000,2.697000,2.727000,3.002000,3.164000,3.275000,3.480000,3.520000
988,2018-12-18,2.669000,2.694000,2.767000,3.034000,3.174000,3.278000,3.482000,3.522000
989,2018-12-19,2.654000,2.690000,2.788000,3.047000,3.181000,3.278000,3.482000,3.524000
990,2018-12-20,2.567000,2.676000,2.819000,3.112000,3.199000,3.282000,3.481000,3.524000
991,2018-12-21,2.486000,2.649000,2.866000,3.154000,3.209000,3.284000,3.480000,3.517000
992,2018-12-24,2.316000,2.659000,3.030000,3.232000,3.230000,3.286000,3.480000,3.517000
993,2018-12-25,2.028000,2.653000,3.130000,3.302000,3.273000,3.289000,3.480000,3.518000
994,2018-12-26,2.029000,2.672000,3.233000,3.397000,3.309000,3.291000,3.480000,3.520000
995,2018-12-27,1.793000,2.695000,3.322000,3.470000,3.339000,3.294000,3.480000,3.520000
996,2018-12-28,1.470000,2.721000,3.368000,3.492000,3.357000,3.297000,3.480000,3.521000
997,2018-12-29,2.554000,2.903000,3.399000,3.472000,3.346000,3.299000,3.477000,3.518000
998,2019-01-02,2.300000,2.634000,2.802000,3.200000,3.285000,3.292000,3.472000,3.511000
999,2019-01-03,1.968000,2.547000,2.673000,3.084000,3.246000,3.286000,3.466000,3.507000
1000,2019-01-04,1.649000,2.563000,2.615000,3.010000,3.215000,3.270000,3.453000,3.497000
1001,2019-01-07,1.447000,2.475000,2.541000,2.909000,3.141000,3.233000,3.415000,3.466000
1002,2019-01-08,1.414000,2.372000,2.487000,2.825000,3.093000,3.206000,3.384000,3.431000
1003,2019-01-09,1.567000,2.475000,2.477000,2.790000,3.065000,3.184000,3.354000,3.401000
1004,2019-01-10,1.743000,2.587000,2.502000,2.781000,3.031000,3.149000,3.321000,3.377000
1005,2019-01-11,1.708000,2.555000,2.515000,2.772000,3.007000,3.120000,3.296000,3.350000
1006,2019-01-14,1.878000,2.629000,2.541000,2.775000,2.984000,3.106000,3.284000,3.337000
1007,2019-01-15,2.245000,2.652000,2.570000,2.777000,2.962000,3.094000,3.271000,3.324000
1008,2019-01-16,2.306000,2.640000,2.576000,2.777000,2.942000,3.079000,3.262000,3.314000
1009,2019-01-17,2.259000,2.611000,2.569000,2.777000,2.930000,3.066000,3.257000,3.304000
1010,2019-01-18,2.178500,2.618000,2.558000,2.777000,2.918000,3.061000,3.248000,3.302000
1011,2019-01-21,2.240000,2.594000,2.637000,2.786000,2.915000,3.055000,3.241000,3.300000
1012,2019-01-22,2.243000,2.578000,2.695000,2.797000,2.914000,3.054000,3.245000,3.300000
1013,2019-01-23,2.244000,2.584000,2.709000,2.806000,2.909000,3.052000,3.246000,3.300000
1014,2019-01-24,2.263000,2.616000,2.716000,2.811000,2.904000,3.044000,3.245000,3.300000
1015,2019-01-25,2.362000,2.626000,2.748000,2.819000,2.902000,3.037000,3.239000,3.294000
1016,2019-01-28,2.194000,2.660000,2.882000,2.828000,2.901000,3.031000,3.228000,3.291000
1017,2019-01-29,2.078000,2.766000,2.982000,2.835000,2.900000,3.027000,3.211000,3.282000
1018,2019-01-30,2.002100,2.765000,2.997000,2.840000,2.901000,3.026000,3.199000,3.271000
1019,2019-01-31,2.238000,2.756000,2.979000,2.839000,2.900000,3.021000,3.182000,3.252000
1020,2019-02-01,2.100000,2.722000,2.843000,2.835000,2.900000,3.017000,3.168000,3.241000
1021,2019-02-02,2.264000,2.372000,2.571000,2.819000,2.900000,3.011000,3.143000,3.218000
1022,2019-02-03,2.086000,2.334000,2.470000,2.808000,2.900000,3.006000,3.133000,3.202000
1023,2019-02-11,2.265000,2.596000,2.522000,2.785000,2.898000,2.995000,3.118000,3.198000
1024,2019-02-12,2.017000,2.513000,2.497000,2.760000,2.872000,2.961000,3.079000,3.172000
1025,2019-02-13,1.722000,2.362000,2.442000,2.732000,2.852000,2.938000,3.044000,3.146000
1026,2019-02-14,1.721000,2.330000,2.397000,2.714000,2.830000,2.908000,3.015000,3.119000
1027,2019-02-15,1.713000,2.351000,2.393000,2.698000,2.802000,2.898000,2.996000,3.095000
1028,2019-02-18,1.822400,2.395000,2.398000,2.687000,2.797000,2.885000,2.989000,3.081000
1029,2019-02-19,1.967000,2.398000,2.404000,2.676000,2.778000,2.876000,2.979000,3.073000
1030,2019-02-20,1.854000,2.377000,2.398000,2.655000,2.759000,2.864000,2.966000,3.069000
1031,2019-02-21,2.030000,2.399000,2.409000,2.651000,2.749000,2.858000,2.958000,3.063000
1032,2019-02-22,2.431000,2.600000,2.518000,2.656000,2.749000,2.854000,2.955000,3.063000
1033,2019-02-25,2.605000,2.658000,2.628000,2.659000,2.752000,2.850000,2.953000,3.059000
1034,2019-02-26,2.705000,2.745000,2.862000,2.681000,2.756000,2.851000,2.953000,3.059000
1035,2019-02-27,2.654000,2.750000,2.887000,2.686000,2.756000,2.852000,2.954000,3.061000
1036,2019-02-28,2.584000,2.658000,2.730000,2.694000,2.751000,2.850000,2.951000,3.060000
1037,2019-03-01,2.155000,2.511000,2.565000,2.700000,2.750000,2.850000,2.950000,3.059000
1038,2019-03-04,1.933000,2.380000,2.424000,2.696000,2.750000,2.850000,2.950000,3.058000
1039,2019-03-05,2.266000,2.574000,2.490000,2.699000,2.750000,2.850000,2.950000,3.055000
1040,2019-03-06,2.074000,2.488000,2.488000,2.703000,2.750000,2.850000,2.950000,3.053000
1041,2019-03-07,2.060000,2.517000,2.487000,2.705000,2.751000,2.850000,2.950000,3.054000
1042,2019-03-08,2.047000,2.388000,2.448000,2.712000,2.755000,2.850000,2.950000,3.057000
1043,2019-03-11,2.092000,2.395000,2.432800,2.717200,2.756500,2.850000,2.950000,3.060000
1044,2019-03-12,2.365000,2.601000,2.458000,2.732000,2.761000,2.851000,2.950000,3.066000
1045,2019-03-13,2.079000,2.493000,2.461000,2.754000,2.768000,2.851000,2.950000,3.066000
1046,2019-03-14,2.310000,2.598000,2.480000,2.774000,2.777000,2.854000,2.953000,3.072000
1047,2019-03-15,2.655000,2.728000,2.617000,2.810000,2.799000,2.858000,2.956000,3.077000
1048,2019-03-18,2.756000,2.709000,2.861000,2.832000,2.814000,2.860000,2.958000,3.082000
1049,2019-03-19,2.666000,2.729000,2.991000,2.852000,2.823000,2.865000,2.960000,3.086000
1050,2019-03-20,2.714000,2.711000,2.946000,2.875000,2.833000,2.865000,2.962000,3.088000
1051,2019-03-21,2.661000,2.684000,2.936000,2.884000,2.838000,2.864000,2.963000,3.091000
1052,2019-03-22,2.620000,2.664000,2.970000,2.884000,2.837000,2.862000,2.962000,3.092000
1053,2019-03-25,2.535000,2.668000,2.896000,2.879000,2.836000,2.861000,2.957000,3.086000
1054,2019-03-26,2.495000,2.704000,2.901000,2.862000,2.828000,2.859000,2.950000,3.080000
1055,2019-03-27,2.286000,2.797000,2.932000,2.843000,2.819000,2.857000,2.940000,3.074000
1056,2019-03-28,2.041000,2.705000,2.923000,2.825000,2.807000,2.848000,2.931000,3.062000
1057,2019-03-29,2.486000,2.698000,2.911000,2.819000,2.801000,2.841000,2.924000,3.051000
1058,2019-04-01,2.315000,2.579000,2.713000,2.782000,2.795000,2.835000,2.917000,3.047000
1059,2019-04-02,1.956000,2.453000,2.527000,2.745000,2.786000,2.825000,2.913000,3.042000
1060,2019-04-03,1.663000,2.357000,2.403000,2.697000,2.767000,2.818000,2.909000,3.044000
1061,2019-04-04,1.417000,2.418000,2.376000,2.664000,2.758000,2.815000,2.906000,3.047000
1062,2019-04-08,1.428000,2.483000,2.378000,2.650000,2.754000,2.816000,2.906000,3.047000
1063,2019-04-09,1.797000,2.469000,2.450000,2.646000,2.751000,2.824000,2.908000,3.047000
1064,2019-04-10,2.278000,2.654000,2.566000,2.655000,2.755000,2.833000,2.914000,3.053000
1065,2019-04-11,2.735000,2.657000,2.779000,2.669000,2.760000,2.838000,2.923000,3.060000
1066,2019-04-12,2.652000,2.669000,2.805000,2.686000,2.761000,2.842000,2.924000,3.067000
1067,2019-04-15,2.797000,2.772000,2.902000,2.717000,2.768000,2.850000,2.939000,3.072000
1068,2019-04-16,2.883000,2.787000,2.982000,2.759000,2.774000,2.853000,2.947000,3.077000
